property:ID,value,:LABEL
n0p0,C3132420000049,登记编码
n0p3,1-3个月(含),期限类型
n0p4,0,业绩比较基准
n0p5,徐州铜山农村商业银行股份有限公司,发行机构
n0p6,C31324,发行机构代码
n0p7,公募,募集方式
n0p8,封闭式非净值型,运作模式
n0p9,固定收益类,投资性质
n0p10,人民币(CNY),募集币种
n0p11,1,风险等级编号
n0p12,一级(低),风险等级
n0p13,2020/09/15,募集起始日期
n0p15,2020/09/22,产品起始日期
n0p16,2020/12/21,产品终止日期
n0p17,预售,产品状态
n0p18,90,实际天数（天）
n0p19,保本浮动收益,收益类型
n0p20,江苏,产品销售区域
n0p21,农村合作金融机构,机构类别
n0p22,50000.0,认购价格
n1p0,C3132420000048,登记编码
n1p13,2020/09/08,募集起始日期
n1p16,2020/12/14,产品终止日期
n2p0,C1082720A000010,登记编码
n2p5,广州银行股份有限公司,发行机构
n2p6,C10827,发行机构代码
n2p7,私募,募集方式
n2p11,2,风险等级编号
n2p12,二级(中低),风险等级
n2p13,2020/08/18,募集起始日期
n2p16,2020/11/17,产品终止日期
n2p18,91,实际天数（天）
n2p19,非保本浮动收益,收益类型
n2p20,"江苏,广东,深圳",产品销售区域
n2p21,城商行,机构类别
n2p22,1000000.0,认购价格
n3p0,C1138220000031,登记编码
n3p5,江苏邳州农村商业银行股份有限公司,发行机构
n3p6,C11382,发行机构代码
n3p13,2020/08/11,募集起始日期
n4p0,C3132420000044,登记编码
n5p0,C1138220000030,登记编码
n5p13,2020/08/04,募集起始日期
n5p16,2020/11/10,产品终止日期
n6p0,C3132420000043,登记编码
n7p0,C1126420000033,登记编码
n7p5,浙江舟山定海海洋农村商业银行股份有限公司,发行机构
n7p6,C11264,发行机构代码
n7p13,2020/07/30,募集起始日期
n7p15,2020/08/06,产品起始日期
n7p16,2020/10/27,产品终止日期
n7p18,82,实际天数（天）
n7p20,浙江,产品销售区域
n7p22,10000.0,认购价格
n8p0,C3132420000042,登记编码
n8p13,2020/07/28,募集起始日期
n8p16,2020/11/03,产品终止日期
n9p0,C1126520000043,登记编码
n9p3,3-6个月(含),期限类型
n9p5,浙江舟山普陀农村商业银行股份有限公司,发行机构
n9p6,C11265,发行机构代码
n9p8,封闭式净值型,运作模式
n9p13,2020/07/25,募集起始日期
n9p16,2020/10/29,产品终止日期
n10p0,C1125620000145,登记编码
n10p5,浙江义乌农村商业银行股份有限公司,发行机构
n10p6,C11256,发行机构代码
n10p13,2020/07/24,募集起始日期
n10p16,2020/12/03,产品终止日期
n10p18,126,实际天数（天）
n11p0,C1125620000161,登记编码
n11p13,2020/07/23,募集起始日期
n11p15,2020/07/27,产品起始日期
n11p18,92,实际天数（天）
n12p0,C3208120000037,登记编码
n12p5,宁波市市区农村信用合作联社,发行机构
n12p6,C32081,发行机构代码
n12p20,宁波,产品销售区域
n13p0,C1123120000030,登记编码
n13p3,6-12个月(含),期限类型
n13p5,浙江桐庐农村商业银行股份有限公司,发行机构
n13p6,C11231,发行机构代码
n13p16,2021/07/30,产品终止日期
n13p18,365,实际天数（天）
n14p0,C1125620000152,登记编码
n14p13,2020/07/22,募集起始日期
n15p0,C1239620000053,登记编码
n15p3,3年以上,期限类型
n15p5,山西尧都农村商业银行股份有限公司,发行机构
n15p6,C12396,发行机构代码
n15p8,开放式净值型,运作模式
n15p13,2020/07/21,募集起始日期
n15p16,2099/07/28,产品终止日期
n15p18,28854,实际天数（天）
n15p20,山西,产品销售区域
n16p0,C1124720000049,登记编码
n16p5,浙江长兴农村商业银行股份有限公司,发行机构
n16p6,C11247,发行机构代码
n16p16,2020/10/28,产品终止日期
n17p0,C1124520000029,登记编码
n17p5,浙江南浔农村商业银行股份有限公司,发行机构
n17p6,C11245,发行机构代码
n17p13,2020/07/18,募集起始日期
n17p16,2020/10/26,产品终止日期
n17p18,95,实际天数（天）
n18p0,C3209720000063,登记编码
n18p5,浙江安吉农村商业银行股份有限公司,发行机构
n18p6,C32097,发行机构代码
n18p13,2020/07/17,募集起始日期
n19p0,C1125620000151,登记编码
n19p16,2020/10/22,产品终止日期
n20p0,C1125620000159,登记编码
n21p0,C1345320000021,登记编码
n21p5,南充农村商业银行股份有限公司,发行机构
n21p6,C13453,发行机构代码
n21p16,2020/12/09,产品终止日期
n21p18,135,实际天数（天）
n21p20,四川,产品销售区域
n22p0,C1085920000079,登记编码
n22p5,湖北银行股份有限公司,发行机构
n22p6,C10859,发行机构代码
n22p13,2020/07/16,募集起始日期
n22p16,2020/11/27,产品终止日期
n22p20,湖北,产品销售区域
n23p0,C1085920000074,登记编码
n23p16,2020/11/12,产品终止日期
n23p18,112,实际天数（天）
n23p22,200000.0,认购价格
n24p0,C3168320000031,登记编码
n24p5,阳泉农村商业银行股份有限公司,发行机构
n24p6,C31683,发行机构代码
n24p18,105,实际天数（天）
n25p0,C3208120000036,登记编码
n26p0,C1123120000027,登记编码
n27p0,C1125620000157,登记编码
n27p13,2020/07/15,募集起始日期
n27p16,2020/12/22,产品终止日期
n27p18,154,实际天数（天）
n28p0,C1239620000047,登记编码
n28p9,混合类,投资性质
n28p16,2020/12/24,产品终止日期
n28p18,155,实际天数（天）
n29p0,C1239620000051,登记编码
n29p13,2020/07/14,募集起始日期
n29p18,63,实际天数（天）
n30p0,C3207820000019,登记编码
n30p5,浙江淳安农村商业银行股份有限公司,发行机构
n30p6,C32078,发行机构代码
n31p0,C3132420000040,登记编码
n31p16,2020/10/20,产品终止日期
n32p0,C3209720000061,登记编码
n32p13,2020/07/10,募集起始日期
n32p18,102,实际天数（天）
n33p0,C1125620000149,登记编码
n33p16,2020/10/14,产品终止日期
n34p0,C1125620000156,登记编码
n34p16,2020/12/17,产品终止日期
n35p0,C3211920000007,登记编码
n35p5,浙江衢州柯城农村商业银行股份有限公司,发行机构
n35p6,C32119,发行机构代码
n36p0,C1125620000148,登记编码
n36p13,2020/07/09,募集起始日期
n36p18,125,实际天数（天）
n37p0,C1124520000032,登记编码
n37p16,2020/10/21,产品终止日期
n37p18,99,实际天数（天）
n38p0,C1150120000098,登记编码
n38p5,亳州药都农村商业银行股份有限公司,发行机构
n38p6,C11501,发行机构代码
n38p15,2020/07/13,产品起始日期
n38p16,2020/12/07,产品终止日期
n38p18,147,实际天数（天）
n38p20,安徽,产品销售区域
n39p0,C1150120000097,登记编码
n39p16,2020/10/19,产品终止日期
n39p18,98,实际天数（天）
n40p0,C1124020000071,登记编码
n40p5,浙江瑞安农村商业银行股份有限公司,发行机构
n40p6,C11240,发行机构代码
n41p0,C1123120000029,登记编码
n41p16,2021/07/16,产品终止日期
n42p0,C1126520000038,登记编码
n42p3,1-3年（含）,期限类型
n42p13,2020/07/08,募集起始日期
n42p16,2021/07/13,产品终止日期
n43p0,C3212220000008,登记编码
n43p5,浙江开化农村商业银行股份有限公司,发行机构
n43p6,C32122,发行机构代码
n44p0,C1125620000155,登记编码
n45p0,C1239620000050,登记编码
n45p16,2020/11/24,产品终止日期
n45p18,132,实际天数（天）
n46p0,C1126420000029,登记编码
n46p13,2020/07/07,募集起始日期
n46p16,2020/10/15,产品终止日期
n46p18,93,实际天数（天）
n47p0,C3168220000027,登记编码
n47p5,山西盂县农村商业银行股份有限公司,发行机构
n47p6,C31682,发行机构代码
n48p0,C1122920000169,登记编码
n48p5,浙江杭州余杭农村商业银行股份有限公司,发行机构
n48p6,C11229,发行机构代码
n48p16,2020/10/13,产品终止日期
n49p0,C1124720000047,登记编码
n50p0,C1010420003497,登记编码
n50p5,中国银行股份有限公司,发行机构
n50p6,C10104,发行机构代码
n50p16,2020/12/15,产品终止日期
n50p18,161,实际天数（天）
n50p20,"北京,天津,河北,山西,内蒙古,辽宁,吉林,黑龙江,上海,江苏,浙江,安徽,福建,江西,山东,河南,湖北,湖南,广东,广西,海南,重庆,四川,贵州,云南,西藏,陕西,甘肃,青海,宁夏,新疆,大连,宁波,厦门,青岛,深圳",产品销售区域
n50p21,国有银行,机构类别
n51p0,C1138220000026,登记编码
n51p16,2020/10/12,产品终止日期
n52p0,C3132420000039,登记编码
n53p0,C1150120000096,登记编码
n53p13,2020/07/06,募集起始日期
n53p18,151,实际天数（天）
n54p0,C1150120000095,登记编码
n55p0,C1040320000360,登记编码
n55p5,中国邮政储蓄银行股份有限公司,发行机构
n55p6,C10403,发行机构代码
n55p13,2020/07/03,募集起始日期
n55p18,120,实际天数（天）
n55p20,"北京,天津,河北,山西,内蒙古,辽宁,大连,吉林,黑龙江,上海,江苏,宁波,浙江,安徽,福建,厦门,江西,青岛,山东,河南,湖北,湖南,广东,深圳,广西,海南,重庆,四川,贵州,云南,西藏,陕西,甘肃,青海,宁夏,新疆",产品销售区域
n56p0,C1040320000355,登记编码
n56p16,2021/07/01,产品终止日期
n56p18,360,实际天数（天）
n56p22,100000.0,认购价格
n57p0,C1092020000694,登记编码
n57p5,杭州银行股份有限公司,发行机构
n57p6,C10920,发行机构代码
n57p16,2020/10/09,产品终止日期
n57p18,94,实际天数（天）
n57p20,"浙江,宁波,北京,上海,江苏,安徽,深圳",产品销售区域
n58p0,C3209720000059,登记编码
n59p0,C1077220000136,登记编码
n59p5,宁波通商银行股份有限公司,发行机构
n59p6,C10772,发行机构代码
n59p20,"上海,浙江",产品销售区域
n60p0,C1083520000250,登记编码
n60p3,7天-1个月(含),期限类型
n60p5,廊坊银行股份有限公司,发行机构
n60p6,C10835,发行机构代码
n60p16,2020/08/07,产品终止日期
n60p18,31,实际天数（天）
n60p20,"河北,天津",产品销售区域
n61p0,C1081020000355,登记编码
n61p5,大连银行股份有限公司,发行机构
n61p6,C10810,发行机构代码
n61p20,"江苏,北京,天津,辽宁,上海,重庆,四川",产品销售区域
n62p0,C1040320000230,登记编码
n62p18,150,实际天数（天）
n63p0,C1239620000055,登记编码
n63p13,2020/07/02,募集起始日期
n63p16,2099/07/09,产品终止日期
n64p0,C1126520000035,登记编码
n64p16,2021/07/08,产品终止日期
n64p18,366,实际天数（天）
n65p0,C3207620000046,登记编码
n65p5,浙江临安农村商业银行股份有限公司,发行机构
n65p6,C32076,发行机构代码
n66p0,C1092020000702,登记编码
n66p16,2022/07/21,产品终止日期
n66p18,742,实际天数（天）
n66p22,300000.0,认购价格
n67p0,C1117320000024,登记编码
n67p5,江苏兴化农村商业银行股份有限公司,发行机构
n67p6,C11173,发行机构代码
n67p16,2020/10/10,产品终止日期
n68p0,C3208120000034,登记编码
n69p0,C1124020000070,登记编码
n70p0,C1150120000093,登记编码
n71p0,C1123120000025,登记编码
n72p0,C1092720000471,登记编码
n72p5,浙江稠州商业银行股份有限公司,发行机构
n72p6,C10927,发行机构代码
n72p20,"上海,江苏,浙江,福建,宁波,江西,广东,云南,四川,重庆",产品销售区域
n73p0,C3249820000063,登记编码
n73p5,山西运城农村商业银行股份有限公司,发行机构
n73p6,C32498,发行机构代码
n73p18,103,实际天数（天）
n74p0,C1083520000251,登记编码
n74p16,2020/12/29,产品终止日期
n74p18,179,实际天数（天）
n75p0,C1089920000104,登记编码
n75p5,威海市商业银行股份有限公司,发行机构
n75p6,C10899,发行机构代码
n75p20,"天津,山东,青岛",产品销售区域
n76p0,C1082720000185,登记编码
n76p16,2020/11/18,产品终止日期
n76p18,133,实际天数（天）
n77p0,C3168320000023,登记编码
n77p16,2021/06/03,产品终止日期
n77p18,324,实际天数（天）
n78p0,C1125620000142,登记编码
n78p13,2020/07/01,募集起始日期
n78p18,97,实际天数（天）
n79p0,C1125620000137,登记编码
n80p0,C1122920000165,登记编码
n80p16,2020/12/10,产品终止日期
n81p0,C1092020000695,登记编码
n81p18,96,实际天数（天）
n82p0,Z7001020000186,登记编码
n82p5,中银理财有限责任公司,发行机构
n82p6,Z70010,发行机构代码
n82p16,2022/02/16,产品终止日期
n82p18,581,实际天数（天）
n82p20,"北京,天津,河北,山西,内蒙古,辽宁,吉林,黑龙江,上海,江苏,浙江,安徽,福建,江西,山东,河南,湖北,湖南,广东,深圳,广西,海南,重庆,四川,贵州,云南,西藏,陕西,甘肃,青海,宁夏,新疆",产品销售区域
n82p21,其他,机构类别
n82p22,1.0,认购价格
n83p0,C1089220000039,登记编码
n83p5,承德银行股份有限公司,发行机构
n83p6,C10892,发行机构代码
n83p20,河北,产品销售区域
n84p0,C1092720000525,登记编码
n84p16,2022/01/10,产品终止日期
n84p18,553,实际天数（天）
n85p0,C1092720000510,登记编码
n85p16,2021/01/04,产品终止日期
n85p18,182,实际天数（天）
n86p0,C1092720000480,登记编码
n86p16,2020/08/13,产品终止日期
n86p18,38,实际天数（天）
n87p0,C1077220000135,登记编码
n87p16,2020/12/28,产品终止日期
n87p18,178,实际天数（天）
n88p0,C1131320000158,登记编码
n88p3,T+0产品,期限类型
n88p5,广东顺德农村商业银行股份有限公司,发行机构
n88p6,C11313,发行机构代码
n88p11,3,风险等级编号
n88p12,三级(中),风险等级
n88p16,2050/07/08,产品终止日期
n88p18,10957,实际天数（天）
n89p0,C1083520000252,登记编码
n89p16,2021/01/06,产品终止日期
n90p0,C1083520000254,登记编码
n91p0,C1083520000287,登记编码
n92p0,C1081020000354,登记编码
n92p18,138,实际天数（天）
n93p0,C1030120000803,登记编码
n93p5,交通银行股份有限公司,发行机构
n93p6,C10301,发行机构代码
n93p20,广东,产品销售区域
n94p0,C1210120000117,登记编码
n94p5,珠海农村商业银行股份有限公司,发行机构
n94p6,C12101,发行机构代码
n95p0,C1081320000085,登记编码
n95p5,丹东银行股份有限公司,发行机构
n95p6,C10813,发行机构代码
n95p13,2020/06/30,募集起始日期
n95p16,2021/07/07,产品终止日期
n95p20,辽宁,产品销售区域
n96p0,C1087120000157,登记编码
n96p5,九江银行股份有限公司,发行机构
n96p6,C10871,发行机构代码
n96p16,2021/07/06,产品终止日期
n96p20,"广东,安徽,江西",产品销售区域
n97p0,C1087120000155,登记编码
n97p18,184,实际天数（天）
n98p0,C1125620000140,登记编码
n98p16,2020/11/04,产品终止日期
n98p18,124,实际天数（天）
n99p0,C1125620000139,登记编码
n100p0,C1123720000107,登记编码
n100p5,浙江温州瓯海农村商业银行股份有限公司,发行机构
n100p6,C11237,发行机构代码
n101p0,C1122920000167,登记编码
n101p16,2020/10/08,产品终止日期
n102p0,C1125520000037,登记编码
n102p5,浙江兰溪农村商业银行股份有限公司,发行机构
n102p6,C11255,发行机构代码
n103p0,C1010420003746,登记编码
n104p0,C1010420003744,登记编码
n105p0,C1092020000700,登记编码
n105p18,364,实际天数（天）
n106p0,C1092020000691,登记编码
n106p18,35,实际天数（天）
n107p0,C1118120000089,登记编码
n107p5,南昌农村商业银行股份有限公司,发行机构
n107p6,C11181,发行机构代码
n107p20,江西,产品销售区域
n108p0,C1124720000046,登记编码
n108p18,104,实际天数（天）
n109p0,C1122320000049,登记编码
n109p5,昆明官渡农村合作银行,发行机构
n109p6,C11223,发行机构代码
n109p16,2021/02/26,产品终止日期
n109p18,234,实际天数（天）
n109p20,云南,产品销售区域
n110p0,C1122320000048,登记编码
n110p18,175,实际天数（天）
n111p0,C1122320000047,登记编码
n111p16,2020/10/30,产品终止日期
n111p18,115,实际天数（天）
n112p0,C1124020000069,登记编码
n113p0,C3210820000048,登记编码
n113p5,浙江临海农村商业银行股份有限公司,发行机构
n113p6,C32108,发行机构代码
n114p0,C1123320000073,登记编码
n114p5,宁波余姚农村商业银行股份有限公司,发行机构
n114p6,C11233,发行机构代码
n115p0,Z7000920000282,登记编码
n115p5,交银理财有限责任公司,发行机构
n115p6,Z70009,发行机构代码
n115p16,2099/12/31,产品终止日期
n115p18,29031,实际天数（天）
n115p20,"北京,天津,河北,山西,内蒙古,辽宁,吉林,黑龙江,上海,江苏,浙江,安徽,福建,江西,山东,河南,湖北,湖南,广东,广西,海南,重庆,四川,贵州,云南,西藏,陕西,甘肃,青海,宁夏,新疆,大连,宁波,厦门,青岛,深圳,香港,澳门,台湾,其他国家或地区",产品销售区域
n116p0,C1126420000028,登记编码
n117p0,C1089920000109,登记编码
n118p0,C1209620000143,登记编码
n118p5,佛山农村商业银行股份有限公司,发行机构
n118p6,C12096,发行机构代码
n118p16,2020/11/16,产品终止日期
n119p0,C1081020000351,登记编码
n119p18,100,实际天数（天）
n120p0,C1030120000808,登记编码
n121p0,C1412720000083,登记编码
n121p5,江门农村商业银行股份有限公司,发行机构
n121p6,C14127,发行机构代码
n121p16,2020/12/08,产品终止日期
n122p0,C3130120000044,登记编码
n122p5,江苏紫金农村商业银行股份有限公司,发行机构
n122p6,C31301,发行机构代码
n122p18,106,实际天数（天）
n123p0,C1010520004765,登记编码
n123p5,中国建设银行股份有限公司,发行机构
n123p6,C10105,发行机构代码
n123p18,162,实际天数（天）
n123p20,上海,产品销售区域
n124p0,Z7000920000100,登记编码
n124p16,2022/07/06,产品终止日期
n124p18,729,实际天数（天）
n125p0,C1082919A000308,登记编码
n125p5,珠海华润银行股份有限公司,发行机构
n125p6,C10829,发行机构代码
n125p16,2020/12/30,产品终止日期
n125p20,"广东,深圳",产品销售区域
n126p0,C1211220A000600,登记编码
n126p5,渤海银行股份有限公司,发行机构
n126p6,C12112,发行机构代码
n126p13,2020/06/29,募集起始日期
n126p16,2021/06/30,产品终止日期
n126p20,天津,产品销售区域
n126p21,股份制银行,机构类别
n126p22,10000000.0,认购价格
n127p0,C1211220A000599,登记编码
n127p16,2021/06/29,产品终止日期
n128p0,Z7001420A000017,登记编码
n128p5,光大理财有限责任公司,发行机构
n128p6,Z70014,发行机构代码
n128p16,2023/03/10,产品终止日期
n128p18,975,实际天数（天）
n128p20,"北京,上海,天津,山东,青岛,黑龙江,吉林,辽宁,大连,江苏,浙江,宁波,江西,安徽,福建,厦门,山西,河南,河北,湖南,湖北,广东,深圳,广西,海南,重庆,四川,云南,贵州,陕西,甘肃,青海,内蒙古,宁夏,新疆,西藏",产品销售区域
n128p22,3000000.0,认购价格
n129p0,C1126520000036,登记编码
n130p0,C1125120000076,登记编码
n130p5,浙江新昌农村商业银行股份有限公司,发行机构
n130p6,C11251,发行机构代码
n130p18,111,实际天数（天）
n131p0,C1040320000356,登记编码
n132p0,C1040320000353,登记编码
n133p0,C1010420003923,登记编码
n133p16,2020/12/04,产品终止日期
n134p0,C1010420003919,登记编码
n134p16,2020/11/19,产品终止日期
n134p18,140,实际天数（天）
n135p0,C1010420003918,登记编码
n135p18,117,实际天数（天）
n136p0,C1010420003879,登记编码
n136p18,157,实际天数（天）
n136p22,500000.0,认购价格
n137p0,C1010420003753,登记编码
n138p0,C1010420003752,登记编码
n138p18,119,实际天数（天）
n139p0,C1092020000696,登记编码
n139p16,2020/08/10,产品终止日期
n140p0,C1010520006648,登记编码
n140p16,2021/01/28,产品终止日期
n140p18,206,实际天数（天）
n140p20,山东,产品销售区域
n141p0,C1239620000049,登记编码
n142p0,C1092020000687,登记编码
n143p0,C1092020000686,登记编码
n143p16,2020/08/03,产品终止日期
n144p0,C1104420000222,登记编码
n144p5,天津农村商业银行股份有限公司,发行机构
n144p6,C11044,发行机构代码
n144p18,109,实际天数（天）
n145p0,C1080420000007,登记编码
n145p5,徽商银行股份有限公司,发行机构
n145p6,C10804,发行机构代码
n145p20,"安徽,江苏,北京,四川,深圳,宁波",产品销售区域
n146p0,C1150120000092,登记编码
n146p16,2020/12/02,产品终止日期
n146p18,153,实际天数（天）
n147p0,C1010420003663,登记编码
n147p18,160,实际天数（天）
n148p0,C1077220000147,登记编码
n148p16,2021/01/05,产品终止日期
n148p18,186,实际天数（天）
n149p0,C1077220A000032,登记编码
n149p18,180,实际天数（天）
n150p0,C1077220000133,登记编码
n150p16,2020/09/29,产品终止日期
n151p0,Z7001020000177,登记编码
n151p16,2022/08/08,产品终止日期
n151p18,762,实际天数（天）
n152p0,Z7001020000174,登记编码
n152p16,2021/11/08,产品终止日期
n152p18,489,实际天数（天）
n153p0,C1010420003500,登记编码
n154p0,C1010420003499,登记编码
n154p16,2020/12/18,产品终止日期
n154p18,168,实际天数（天）
n155p0,C1010420003496,登记编码
n155p16,2020/12/16,产品终止日期
n155p18,170,实际天数（天）
n156p0,C1010420003495,登记编码
n156p18,158,实际天数（天）
n157p0,C1123520000197,登记编码
n157p5,浙江温州鹿城农村商业银行股份有限公司,发行机构
n157p6,C11235,发行机构代码
n158p0,C3210120000049,登记编码
n158p5,浙江永康农村商业银行股份有限公司,发行机构
n158p6,C32101,发行机构代码
n159p0,C1104420000213,登记编码
n159p16,2021/04/08,产品终止日期
n159p18,279,实际天数（天）
n160p0,C1083520000255,登记编码
n161p0,C1091220000504,登记编码
n161p5,上海银行股份有限公司,发行机构
n161p6,C10912,发行机构代码
n161p20,"北京,天津,上海,江苏,浙江,四川,宁波,广东,深圳",产品销售区域
n162p0,C1010420003216,登记编码
n162p18,159,实际天数（天）
n163p0,C1209620000142,登记编码
n164p0,C1115020000027,登记编码
n164p5,江苏睢宁农村商业银行股份有限公司,发行机构
n164p6,C11150,发行机构代码
n165p0,C1122120000525,登记编码
n165p5,上海农村商业银行股份有限公司,发行机构
n165p6,C11221,发行机构代码
n165p16,2020/10/16,产品终止日期
n165p20,"上海,江苏,浙江,湖南",产品销售区域
n166p0,C1138220000025,登记编码
n166p16,2020/09/14,产品终止日期
n166p18,69,实际天数（天）
n167p0,C1412720000081,登记编码
n168p0,Z7001120000046,登记编码
n168p5,农银理财有限责任公司,发行机构
n168p6,Z70011,发行机构代码
n168p16,2030/07/09,产品终止日期
n168p18,3652,实际天数（天）
n169p0,C1104420000151,登记编码
n169p16,2020/11/26,产品终止日期
n169p18,146,实际天数（天）
n170p0,C1030120000680,登记编码
n170p18,141,实际天数（天）
n171p0,C1010520005248,登记编码
n172p0,C1010520004745,登记编码
n173p0,C1031019C000055,登记编码
n173p3,1年以上,期限类型
n173p5,上海浦东发展银行股份有限公司,发行机构
n173p6,C10310,发行机构代码
n173p10,4,风险等级编号
n173p11,四级(中高),风险等级
n173p14,2021/01/01,产品起始日期
n173p15,2021/12/31,产品终止日期
n173p19,非标准化债权类,投资资产类型
n173p20,"北京,天津,河北,山西,内蒙古,辽宁,大连,吉林,黑龙江,上海,江苏,浙江,宁波,安徽,福建,厦门,江西,山东,青岛,河南,湖北,湖南,广东,深圳,广西,海南,重庆,四川,贵州,云南,西藏,陕西,甘肃,青海,宁夏,新疆",产品销售区域
n173p23,私人银行客户专属,产品类别
n174p0,C1092020A000102,登记编码
n174p13,2020/06/28,募集起始日期
n174p16,2021/12/20,产品终止日期
n174p18,538,实际天数（天）
n175p0,C1010520A000554,登记编码
n175p20,广西,产品销售区域
n175p22,100000000.0,认购价格
n176p0,C1123520A000011,登记编码
n176p18,164,实际天数（天）
n177p0,C1092120A000391,登记编码
n177p5,宁波银行股份有限公司,发行机构
n177p6,C10921,发行机构代码
n177p20,"北京,上海,江苏,浙江,宁波,深圳",产品销售区域
n177p22,400000.0,认购价格
n178p0,C1010220A000128,登记编码
n178p5,中国工商银行股份有限公司,发行机构
n178p6,C10102,发行机构代码
n179p0,C1010420003982,登记编码
n180p0,C1010420003958,登记编码
n181p0,C1010420003909,登记编码
n181p18,139,实际天数（天）
n182p0,C1092020000689,登记编码
n183p0,C3209720000057,登记编码
n184p0,C1088220001015,登记编码
n184p5,青岛银行股份有限公司,发行机构
n184p6,C10882,发行机构代码
n185p0,C1088220001014,登记编码
n186p0,C1088220001013,登记编码
n187p0,C1088220001002,登记编码
n187p18,188,实际天数（天）
n188p0,C1088220000986,登记编码
n188p16,2022/07/20,产品终止日期
n188p18,750,实际天数（天）
n189p0,C1088220000968,登记编码
n189p18,189,实际天数（天）
n190p0,C1088220000956,登记编码
n191p0,C1010520006646,登记编码
n192p0,C1093020000075,登记编码
n192p5,浙江民泰商业银行股份有限公司,发行机构
n192p6,C10930,发行机构代码
n192p20,"上海,浙江,四川",产品销售区域
n193p0,C1226920000141,登记编码
n193p5,中山农村商业银行股份有限公司,发行机构
n193p6,C12269,发行机构代码
n194p0,C1010520006467,登记编码
n194p18,156,实际天数（天）
n195p0,C1030420A001268,登记编码
n195p5,华夏银行股份有限公司,发行机构
n195p6,C10304,发行机构代码
n195p20,"北京,天津,河北,山西,内蒙古,辽宁,吉林,上海,江苏,浙江,安徽,福建,江西,山东,河南,湖北,湖南,广东,广西,重庆,四川,云南,陕西,新疆,大连,宁波,厦门,青岛,深圳,海南,宁夏,黑龙江,贵州,青海,甘肃",产品销售区域
n195p22,50000000.0,认购价格
n196p0,C1080320001035,登记编码
n196p5,天津银行股份有限公司,发行机构
n196p6,C10803,发行机构代码
n196p20,"北京,天津,河北,上海,山东,四川",产品销售区域
n197p0,C1080320001031,登记编码
n197p18,169,实际天数（天）
n198p0,C1010520006142,登记编码
n198p20,深圳,产品销售区域
n199p0,C1209620000141,登记编码
n199p16,2020/09/01,产品终止日期
n199p18,60,实际天数（天）
n200p0,C1087520000285,登记编码
n200p5,内蒙古银行股份有限公司,发行机构
n200p6,C10875,发行机构代码
n200p16,2020/09/02,产品终止日期
n200p20,"内蒙古,黑龙江",产品销售区域
n201p0,C1140420000128,登记编码
n201p5,桂林银行股份有限公司,发行机构
n201p6,C11404,发行机构代码
n201p20,全国,产品销售区域
n202p0,C1092720000461,登记编码
n202p16,2020/12/31,产品终止日期
n203p0,C1092720000459,登记编码
n204p0,C1092720000421,登记编码
n205p0,C1010520005691,登记编码
n205p18,183,实际天数（天）
n206p0,C1010520005690,登记编码
n207p0,C1131320000113,登记编码
n207p18,36,实际天数（天）
n208p0,C1030920A000067,登记编码
n208p5,兴业银行股份有限公司,发行机构
n208p6,C10309,发行机构代码
n208p16,2020/09/10,产品终止日期
n208p18,74,实际天数（天）
n209p0,C1128820000162,登记编码
n209p5,龙江银行股份有限公司,发行机构
n209p6,C11288,发行机构代码
n209p18,163,实际天数（天）
n209p20,黑龙江,产品销售区域
n210p0,C1082720A000025,登记编码
n210p18,167,实际天数（天）
n211p0,C1030420001530,登记编码
n211p16,2020/11/11,产品终止日期
n212p0,C1030420001529,登记编码
n213p0,C1030219A003973,登记编码
n213p5,中信银行股份有限公司,发行机构
n213p6,C10302,发行机构代码
n213p16,2099/12/29,产品终止日期
n213p18,29036,实际天数（天）
n213p20,"北京,天津,河北,山西,内蒙古,辽宁,吉林,黑龙江,上海,江苏,浙江,安徽,福建,江西,山东,河南,湖北,湖南,广东,广西,海南,重庆,四川,贵州,云南,西藏,陕西,甘肃,青海,宁夏,新疆,台湾,香港,澳门",产品销售区域
n214p0,C1062220000041,登记编码
n214p5,大华银行（中国）有限公司,发行机构
n214p6,C10622,发行机构代码
n214p8,开放式非净值型,运作模式
n214p11,5,风险等级编号
n214p12,五级(高),风险等级
n214p13,2020/03/03,募集起始日期
n214p15,2020/03/06,产品起始日期
n214p16,2030/09/10,产品终止日期
n214p18,3840,实际天数（天）
n214p20,"北京,上海,重庆",产品销售区域
n214p21,外资银行,机构类别
n215p0,C1010420001069,登记编码
n215p15,2020/03/05,产品起始日期
n215p18,127,实际天数（天）
n216p0,C3132420000047,登记编码
n217p0,C3132420000046,登记编码
n217p13,2020/08/25,募集起始日期
n217p16,2020/11/30,产品终止日期
n218p0,C3132420000045,登记编码
n219p0,C1138220000029,登记编码
n220p0,C3209720000064,登记编码
n220p15,2020/07/29,产品起始日期
n220p18,113,实际天数（天）
n221p0,C1125620000153,登记编码
n221p16,2020/12/01,产品终止日期
n222p0,C1126420000032,登记编码
n222p16,2020/11/05,产品终止日期
n223p0,C3207620000051,登记编码
n224p0,C1123120000028,登记编码
n225p0,C1126520000040,登记编码
n225p16,2021/07/27,产品终止日期
n226p0,C1125620000160,登记编码
n227p0,C1122920000171,登记编码
n228p0,C1138220000028,登记编码
n228p16,2020/09/03,产品终止日期
n228p18,37,实际天数（天）
n229p0,C3132420000041,登记编码
n230p0,C1122920000164,登记编码
n230p13,2020/07/20,募集起始日期
n230p18,152,实际天数（天）
n231p0,C3211320000041,登记编码
n231p5,浙江青田农村商业银行股份有限公司,发行机构
n231p6,C32113,发行机构代码
n232p0,C1126520000042,登记编码
n233p0,C1126420000031,登记编码
n233p16,2021/07/23,产品终止日期
n234p0,C3207620000049,登记编码
n235p0,C1125620000158,登记编码
n235p16,2020/11/25,产品终止日期
n236p0,C1126520000039,登记编码
n236p16,2021/07/20,产品终止日期
n237p0,C1125620000150,登记编码
n238p0,C1125620000143,登记编码
n239p0,C1126420000030,登记编码
n240p0,C3209720000062,登记编码
n241p0,C1239620000054,登记编码
n241p16,2099/07/21,产品终止日期
n242p0,C1122920000170,登记编码
n243p0,C1124720000048,登记编码
n244p0,C1138220000027,登记编码
n244p16,2020/08/26,产品终止日期
n245p0,C1126620000007,登记编码
n245p5,浙江江山农村商业银行股份有限公司,发行机构
n245p6,C11266,发行机构代码
n246p0,C1126520000041,登记编码
n247p0,C3212320000006,登记编码
n247p5,浙江衢州衢江农村商业银行股份有限公司,发行机构
n247p6,C32123,发行机构代码
n248p0,C3207620000047,登记编码
n249p0,C3208120000035,登记编码
n250p0,C1123120000026,登记编码
n251p0,C1089920000107,登记编码
n252p0,C1125620000147,登记编码
n253p0,C1125620000144,登记编码
n254p0,C1085920000078,登记编码
n255p0,C1089920000106,登记编码
n256p0,C1122920000166,登记编码
n256p16,2021/07/15,产品终止日期
n257p0,C1122920000168,登记编码
n257p16,2021/01/14,产品终止日期
n258p0,C1122920000172,登记编码
n259p0,C1125520000038,登记编码
n260p0,C3209720000060,登记编码
n260p18,122,实际天数（天）
n261p0,C1412720000084,登记编码
n262p0,C1125620000154,登记编码
n262p13,2020/07/05,募集起始日期
n263p0,C3212020000008,登记编码
n263p5,浙江龙游农村商业银行股份有限公司,发行机构
n263p6,C32120,发行机构代码
n264p0,C1345320000020,登记编码
n264p13,2020/07/04,募集起始日期
n265p0,C1040320000354,登记编码
n266p0,C1030120001117,登记编码
n266p18,101,实际天数（天）
n267p0,C1089920000105,登记编码
n267p16,2020/11/13,产品终止日期
n268p0,C1081020000357,登记编码
n269p0,C1081020000356,登记编码
n270p0,C1126520000037,登记编码
n271p0,C1125620000146,登记编码
n272p0,C1125620000138,登记编码
n273p0,C3207620000044,登记编码
n273p16,2021/07/09,产品终止日期
n274p0,C1124520000031,登记编码
n275p0,C1085920000077,登记编码
n276p0,C1085920000072,登记编码
n277p0,C1092020000703,登记编码
n277p16,2023/07/13,产品终止日期
n277p18,1099,实际天数（天）
n278p0,C1092020000699,登记编码
n279p0,C1122120000662,登记编码
n280p0,C1150120000094,登记编码
n280p18,149,实际天数（天）
n281p0,C1125420000047,登记编码
n281p5,浙江金华成泰农村商业银行股份有限公司,发行机构
n281p6,C11254,发行机构代码
n282p0,C1092720000470,登记编码
n283p0,C1030120000813,登记编码
n283p18,130,实际天数（天）
n284p0,C3168220000026,登记编码
n285p0,C1087120000153,登记编码
n286p0,C1125620000141,登记编码
n287p0,C1122920000163,登记编码
n287p16,2030/07/10,产品终止日期
n288p0,C1090920000035,登记编码
n288p5,晋中银行股份有限公司,发行机构
n288p6,C10909,发行机构代码
n288p16,2021/02/25,产品终止日期
n288p18,230,实际天数（天）
n289p0,C1010420003999,登记编码
n290p0,C3209720000058,登记编码
n291p0,C3210220000026,登记编码
n291p5,浙江浦江农商银行股份有限公司,发行机构
n291p6,C32102,发行机构代码
n292p0,C3211320000040,登记编码
n293p0,C3207820000018,登记编码
n294p0,C1092720000514,登记编码
n294p16,2021/07/05,产品终止日期
n295p0,C1092720000481,登记编码
n296p0,C1010420003502,登记编码
n297p0,C1210120000141,登记编码
n297p18,46,实际天数（天）
n298p0,C1083520000253,登记编码
n299p0,C1082420000027,登记编码
n299p5,厦门银行股份有限公司,发行机构
n299p6,C10824,发行机构代码
n299p16,2099/11/30,产品终止日期
n299p18,29000,实际天数（天）
n299p20,"福建,重庆",产品销售区域
n300p0,C1089920000103,登记编码
n301p0,Z7000720000449,登记编码
n301p5,建信理财有限责任公司,发行机构
n301p6,Z70007,发行机构代码
n301p16,2021/07/28,产品终止日期
n301p18,384,实际天数（天）
n301p20,"北京,天津,河北,山西,内蒙古,辽宁,吉林,黑龙江,上海,浙江,江苏,安徽,福建,江西,山东,河南,湖北,湖南,广东,广西,海南,重庆,四川,贵州,云南,西藏,陕西,青海,甘肃,宁夏,新疆,大连,宁波,厦门,青岛,深圳",产品销售区域
n302p0,C1082720000159,登记编码
n302p18,181,实际天数（天）
n303p0,C1131320A000054,登记编码
n303p18,368,实际天数（天）
n304p0,C1131320000076,登记编码
n304p16,2022/07/11,产品终止日期
n304p18,732,实际天数（天）
n305p0,C1010220A000139,登记编码
n305p22,30000000.0,认购价格
n306p0,C1081320000084,登记编码
n306p18,148,实际天数（天）
n307p0,C1081320000083,登记编码
n308p0,C1087120000154,登记编码
n309p0,C1087120000156,登记编码
n310p0,C1081320000082,登记编码
n311p0,C1010420003933,登记编码
n312p0,C1010420003929,登记编码
n312p16,2020/11/20,产品终止日期
n313p0,C1010420003928,登记编码
n314p0,C1010420003745,登记编码
n314p18,123,实际天数（天）
n315p0,C1092020000701,登记编码
n315p16,2022/07/19,产品终止日期
n316p0,C1092020000693,登记编码
n316p16,2020/09/30,产品终止日期
n316p18,89,实际天数（天）
n317p0,C1092020000692,登记编码
n318p0,C1118120000090,登记编码
n319p0,C1086220000126,登记编码
n319p5,长沙银行股份有限公司,发行机构
n319p6,C10862,发行机构代码
n319p16,2022/04/06,产品终止日期
n319p18,637,实际天数（天）
n319p20,"湖南,广东",产品销售区域
n320p0,C1123320000078,登记编码
n321p0,C1077220000134,登记编码
n322p0,C1010420003586,登记编码
n322p18,165,实际天数（天）
n323p0,C1010520006321,登记编码
n323p18,108,实际天数（天）
n324p0,C1114620000009,登记编码
n324p3,7天(含)以内,期限类型
n324p5,无锡农村商业银行股份有限公司,发行机构
n324p6,C11146,发行机构代码
n324p18,29030,实际天数（天）
n325p0,C1139320000160,登记编码
n325p5,江苏南通农村商业银行股份有限公司,发行机构
n325p6,C11393,发行机构代码
n326p0,C1139320000158,登记编码
n326p16,2020/09/09,产品终止日期
n326p18,64,实际天数（天）
n327p0,C1139320000157,登记编码
n327p16,2020/08/12,产品终止日期
n328p0,C1086720000135,登记编码
n328p5,吉林银行股份有限公司,发行机构
n328p6,C10867,发行机构代码
n328p20,"吉林,辽宁",产品销售区域
n329p0,C1122820000295,登记编码
n329p5,浙江萧山农村商业银行股份有限公司,发行机构
n329p6,C11228,发行机构代码
n330p0,C1059520000039,登记编码
n330p5,新韩银行（中国）有限公司,发行机构
n330p6,C10595,发行机构代码
n330p20,"北京,天津,辽宁,上海,江苏,山东,湖南,深圳,重庆",产品销售区域
n331p0,C1082720000184,登记编码
n332p0,C1081020000353,登记编码
n333p0,C1081020000352,登记编码
n334p0,C1081420000193,登记编码
n334p5,锦州银行股份有限公司,发行机构
n334p6,C10814,发行机构代码
n334p20,"北京,黑龙江,辽宁,大连,天津",产品销售区域
n335p0,C1030120000681,登记编码
n336p0,C3132420000054,登记编码
n337p0,C1131320000019,登记编码
n337p16,2021/03/29,产品终止日期
n337p18,263,实际天数（天）
n338p0,C1210120000170,登记编码
n338p16,2020/09/25,产品终止日期
n338p18,80,实际天数（天）
n339p0,C1040320000362,登记编码
n340p0,C1040320000359,登记编码
n341p0,C1040320000352,登记编码
n342p0,C1010420003878,登记编码
n342p16,2020/12/11,产品终止日期
n343p0,C1010420003751,登记编码
n344p0,C1010420003750,登记编码
n344p16,2020/12/25,产品终止日期
n344p18,177,实际天数（天）
n345p0,C1092020000698,登记编码
n346p0,C1092020000697,登记编码
n346p16,2020/09/07,产品终止日期
n347p0,C1083420000015,登记编码
n347p5,沧州银行股份有限公司,发行机构
n347p6,C10834,发行机构代码
n348p0,C1030820000620,登记编码
n348p5,招商银行股份有限公司,发行机构
n348p6,C10308,发行机构代码
n348p16,2030/07/07,产品终止日期
n348p20,"北京,上海,天津,山东,青岛,黑龙江,吉林,辽宁,大连,江苏,浙江,宁波,江西,安徽,福建,厦门,山西,河南,河北,湖南,湖北,广东,深圳,广西,海南,重庆,四川,云南,贵州,陕西,甘肃,青海,内蒙古,宁夏,新疆,西藏,香港,澳门,台湾,其他国家或地区",产品销售区域
n349p0,C1092020000685,登记编码
n350p0,C1150120000091,登记编码
n351p0,C1030120000975,登记编码
n352p0,C1091220000577,登记编码
n352p16,2023/07/18,产品终止日期
n352p18,1106,实际天数（天）
n353p0,C1010420003501,登记编码
n354p0,C1123520000196,登记编码
n354p16,2021/03/22,产品终止日期
n354p18,262,实际天数（天）
n355p0,C1210120000142,登记编码
n355p18,56,实际天数（天）
n356p0,C1210120000143,登记编码
n357p0,C1086720000134,登记编码
n357p16,2021/03/30,产品终止日期
n357p18,266,实际天数（天）
n358p0,C1122820000298,登记编码
n359p0,C1081020000363,登记编码
n360p0,Z7001120000081,登记编码
n360p22,5000.0,认购价格
n361p0,C1210120000106,登记编码
n362p0,C1090220000069,登记编码
n362p5,临商银行股份有限公司,发行机构
n362p6,C10902,发行机构代码
n362p20,"宁波,山东",产品销售区域
n363p0,C1010520004764,登记编码
n363p16,2020/11/02,产品终止日期
n364p0,C1010220A000029,登记编码
n364p20,北京,产品销售区域
n365p0,C1030920000028,登记编码
n366p0,C1194620A000125,登记编码
n366p5,青岛农村商业银行股份有限公司,发行机构
n366p6,C11946,发行机构代码
n366p20,"青岛,山东",产品销售区域
n367p0,C1081020A000054,登记编码
n367p20,"北京,天津,辽宁,上海,重庆,四川",产品销售区域
n368p0,C1209620A000156,登记编码
n369p0,C1082720A000093,登记编码
n369p18,185,实际天数（天）
n370p0,C1211220A000602,登记编码
n370p20,湖南,产品销售区域
n371p0,C1211220A000601,登记编码
n371p16,2020/09/28,产品终止日期
n371p20,河南,产品销售区域
n372p0,C1092120A000394,登记编码
n372p18,265,实际天数（天）
n373p0,C1092120A000390,登记编码
n374p0,C1090320A000027,登记编码
n374p5,德州银行股份有限公司,发行机构
n374p6,C10903,发行机构代码
n374p16,2020/08/19,产品终止日期
n374p18,51,实际天数（天）
n375p0,C1010520A000545,登记编码
n376p0,C1115820A000009,登记编码
n376p5,江苏苏州农村商业银行股份有限公司,发行机构
n376p6,C11158,发行机构代码
n377p0,C1083120000004,登记编码
n377p5,东莞银行股份有限公司,发行机构
n377p6,C10831,发行机构代码
n377p18,29032,实际天数（天）
n377p20,"安徽,湖南,广东,深圳",产品销售区域
n378p0,C1122920000173,登记编码
n378p16,2022/01/04,产品终止日期
n378p18,546,实际天数（天）
n379p0,C1122920000174,登记编码
n379p16,2021/04/06,产品终止日期
n379p18,273,实际天数（天）
n380p0,C1122920000175,登记编码
n381p0,C1010420003966,登记编码
n382p0,C1010420003955,登记编码
n383p0,C1010420003913,登记编码
n384p0,C1010420003908,登记编码
n385p0,C1092020000690,登记编码
n386p0,C1092020000688,登记编码
n387p0,C1088220000997,登记编码
n388p0,C1088220000992,登记编码
n388p16,2020/09/04,产品终止日期
n388p18,65,实际天数（天）
n389p0,C1088220000962,登记编码
n390p0,C1088220000928,登记编码
n390p18,70,实际天数（天）
n391p0,C1010520006647,登记编码
n392p0,C1010520006645,登记编码
n393p0,C1010520006641,登记编码
n393p18,173,实际天数（天）
n394p0,C1226920000142,登记编码
n395p0,C1092720000517,登记编码
n395p16,2022/01/06,产品终止日期
n396p0,C1010520006468,登记编码
n397p0,C1010520006392,登记编码
n397p16,2021/02/24,产品终止日期
n397p18,233,实际天数（天）
n398p0,C1010520006391,登记编码
n398p16,2021/02/08,产品终止日期
n398p18,220,实际天数（天）
n399p0,C1010420003503,登记编码
n400p0,C1010420003498,登记编码
n401p0,C1123020000121,登记编码
n401p5,浙江富阳农村商业银行股份有限公司,发行机构
n401p6,C11230,发行机构代码
n402p0,C1123020000120,登记编码
n403p0,C1123020000119,登记编码
n404p0,C1194620000310,登记编码
n404p16,2020/08/05,产品终止日期
n405p0,C1086820000024,登记编码
n405p5,江苏银行股份有限公司,发行机构
n405p6,C10868,发行机构代码
n405p18,29035,实际天数（天）
n405p20,"北京,上海,江苏,浙江,广东",产品销售区域
n406p0,C1010420003215,登记编码
n407p0,C1089920000099,登记编码
n408p0,C1087520000287,登记编码
n409p0,C1087520000286,登记编码
n410p0,C1088620A000013,登记编码
n410p5,唐山银行股份有限公司,发行机构
n410p6,C10886,发行机构代码
n410p16,2021/06/16,产品终止日期
n410p18,351,实际天数（天）
n411p0,C1088620A000012,登记编码
n412p0,C1092120000364,登记编码
n413p0,C1030220A000646,登记编码
n413p18,29038,实际天数（天）
n414p0,C1122120000627,登记编码
n415p0,C1030920A000129,登记编码
n415p16,2026/06/29,产品终止日期
n415p18,2190,实际天数（天）
n416p0,C1092720000435,登记编码
n417p0,C1010320000528,登记编码
n417p5,中国农业银行股份有限公司,发行机构
n417p6,C10103,发行机构代码
n418p0,C1010320000527,登记编码
n419p0,C1030220A000298,登记编码
n420p0,C1010520006322,登记编码
n420p13,2020/06/27,募集起始日期
n420p17,在售,产品状态
n421p0,C1080320001027,登记编码
n422p0,C1122820000294,登记编码
n423p0,C1083620000049,登记编码
n423p5,衡水银行股份有限公司,发行机构
n423p6,C10836,发行机构代码
n424p0,C1010420004010,登记编码
n424p13,2020/06/26,募集起始日期
n424p18,134,实际天数（天）
n425p0,C1010420004001,登记编码
n425p18,131,实际天数（天）
n426p0,C1010420003997,登记编码
n427p0,C1010420003992,登记编码
n427p16,2020/11/09,产品终止日期
n428p0,C1010420003978,登记编码
n429p0,C1010420003946,登记编码
n430p0,C1010420003889,登记编码
n430p18,172,实际天数（天）
n431p0,C1010420003743,登记编码
n431p10,澳大利亚元(AUD),募集币种
n431p22,3000.0,认购价格
n432p0,C1010420003742,登记编码
n432p10,英镑(GBP),募集币种
n432p22,1500.0,认购价格
n433p0,C1118120000087,登记编码
n434p0,C1092220000274,登记编码
n434p5,温州银行股份有限公司,发行机构
n434p6,C10922,发行机构代码
n434p20,"浙江,上海",产品销售区域
n435p0,C1088520000127,登记编码
n435p5,河北银行股份有限公司,发行机构
n435p6,C10885,发行机构代码
n435p18,87,实际天数（天）
n435p20,"天津,河北,山东",产品销售区域
n436p0,C1088120000106,登记编码
n436p5,齐鲁银行股份有限公司,发行机构
n436p6,C10881,发行机构代码
n436p20,"天津,山东",产品销售区域
n437p0,C1090120000119,登记编码
n437p5,莱商银行股份有限公司,发行机构
n437p6,C10901,发行机构代码
n437p20,"山东,江苏",产品销售区域
n438p0,C1086720000119,登记编码
n439p0,C1079520000082,登记编码
n439p5,绵阳市商业银行股份有限公司,发行机构
n439p6,C10795,发行机构代码
n440p0,C1104420000190,登记编码
n441p0,C1128820000214,登记编码
n441p16,2020/08/28,产品终止日期
n442p0,C1128820000057,登记编码
n443p0,C1030520A000018,登记编码
n443p5,中国民生银行股份有限公司,发行机构
n443p6,C10305,发行机构代码
n443p13,2020/06/25,募集起始日期
n443p18,29039,实际天数（天）
n444p0,C1126120000023,登记编码
n444p5,浙江天台农村商业银行股份有限公司,发行机构
n444p6,C11261,发行机构代码
n445p0,C3209520000024,登记编码
n445p5,浙江海盐农村商业银行股份有限公司,发行机构
n445p6,C32095,发行机构代码
n446p0,C3021420000020,登记编码
n446p5,贵州仁怀茅台农村商业银行股份有限公司,发行机构
n446p6,C30214,发行机构代码
n446p19,保证收益,收益类型
n446p20,贵州,产品销售区域
n447p0,C3207620000045,登记编码
n448p0,C3211420000017,登记编码
n448p5,浙江龙泉农村商业银行股份有限公司,发行机构
n448p6,C32114,发行机构代码
n449p0,C1085920000076,登记编码
n450p0,C1030620000363,登记编码
n450p5,广发银行股份有限公司,发行机构
n450p6,C10306,发行机构代码
n451p0,C1137620000018,登记编码
n451p5,昆仑银行股份有限公司,发行机构
n451p6,C11376,发行机构代码
n451p20,新疆,产品销售区域
n452p0,C1010520006706,登记编码
n452p16,2021/01/20,产品终止日期
n452p18,203,实际天数（天）
n453p0,C1125520000036,登记编码
n454p0,C1031520000197,登记编码
n454p5,恒丰银行股份有限公司,发行机构
n454p6,C10315,发行机构代码
n454p16,2025/06/30,产品终止日期
n454p18,1826,实际天数（天）
n454p20,"江苏,浙江,福建,山东,重庆,四川,云南,陕西,宁波,青岛,北京,上海,河南,湖南,湖北",产品销售区域
n455p0,C1031520000196,登记编码
n456p0,C1137620000017,登记编码
n456p20,"北京,黑龙江,陕西,新疆,四川,上海",产品销售区域
n457p0,C1088320000098,登记编码
n457p5,齐商银行股份有限公司,发行机构
n457p6,C10883,发行机构代码
n457p16,2021/04/01,产品终止日期
n457p20,"山东,陕西",产品销售区域
n458p0,C1090020000140,登记编码
n458p5,日照银行股份有限公司,发行机构
n458p6,C10900,发行机构代码
n458p18,68,实际天数（天）
n458p20,"山东,青岛",产品销售区域
n459p0,C1194620000341,登记编码
n460p0,C1092120000406,登记编码
n460p16,2022/10/14,产品终止日期
n460p18,834,实际天数（天）
n461p0,C1010520006568,登记编码
n462p0,C1125420000046,登记编码
n463p0,C1087620000148,登记编码
n463p5,蒙商银行股份有限公司,发行机构
n463p6,C10876,发行机构代码
n463p20,内蒙古,产品销售区域
n464p0,C3249820000071,登记编码
n464p16,2021/01/19,产品终止日期
n464p18,194,实际天数（天）
n465p0,C1010420003478,登记编码
n466p0,C3175620000021,登记编码
n466p5,山西稷山农村商业银行股份有限公司,发行机构
n466p6,C31756,发行机构代码
n467p0,C1092120000387,登记编码
n467p16,2022/12/08,产品终止日期
n467p18,888,实际天数（天）
n468p0,C1080320001077,登记编码
n469p0,C1090120000122,登记编码
n469p18,272,实际天数（天）
n470p0,C3147520000105,登记编码
n470p5,内蒙古伊金霍洛农村商业银行股份有限公司,发行机构
n470p6,C31475,发行机构代码
n471p0,C1131220000579,登记编码
n471p5,广州农村商业银行股份有限公司,发行机构
n471p6,C11312,发行机构代码
n472p0,C1086720000120,登记编码
n472p18,116,实际天数（天）
n473p0,C1122820000297,登记编码
n474p0,C1087520000283,登记编码
n474p16,2020/08/24,产品终止日期
n475p0,C1087520000247,登记编码
n475p16,2021/05/11,产品终止日期
n475p18,316,实际天数（天）
n476p0,C1122920000161,登记编码
n477p0,C1123420000077,登记编码
n477p5,宁波鄞州农村商业银行股份有限公司,发行机构
n477p6,C11234,发行机构代码
n478p0,C1140420000092,登记编码
n478p18,375,实际天数（天）
n479p0,C1194620000266,登记编码
n479p16,2023/06/29,产品终止日期
n479p18,1087,实际天数（天）
n480p0,C1010320000302,登记编码
n481p0,C1128820000112,登记编码
n481p16,2021/07/02,产品终止日期
n482p0,C1010519006656,登记编码
n482p8,5.0,产品类别代码
n482p20,4.0,预期最高收益率(%)
n482p25,高资产净值客户,产品类别
n483p0,C1194620A000124,登记编码
n483p13,2020/06/24,募集起始日期
n483p22,6000000.0,认购价格
n484p0,C1079620A000005,登记编码
n484p5,四川天府银行股份有限公司,发行机构
n484p6,C10796,发行机构代码
n484p16,2022/01/11,产品终止日期
n484p18,559,实际天数（天）
n484p20,"四川,贵州",产品销售区域
n485p0,Z7000720A000160,登记编码
n486p0,Z7001620A000004,登记编码
n486p5,招银理财有限责任公司,发行机构
n486p6,Z70016,发行机构代码
n486p22,37500000.0,认购价格
n487p0,C1030620A000359,登记编码
n488p0,C1030620A000358,登记编码
n489p0,C1226920A000023,登记编码
n489p16,2020/09/24,产品终止日期
n489p18,85,实际天数（天）
n490p0,C1092120A000393,登记编码
n491p0,C1092120A000392,登记编码
n491p16,2021/06/28,产品终止日期
n491p18,363,实际天数（天）
n492p0,C1226920A000022,登记编码
n493p0,Z7000720A000129,登记编码
n494p0,C1290120000260,登记编码
n494p5,中原银行股份有限公司,发行机构
n494p6,C12901,发行机构代码
n495p0,C1125120000075,登记编码
n495p18,107,实际天数（天）
n496p0,C1091320000104,登记编码
n496p5,乌鲁木齐银行股份有限公司,发行机构
n496p6,C10913,发行机构代码
n497p0,C1089320000186,登记编码
n497p5,枣庄银行股份有限公司,发行机构
n497p6,C10893,发行机构代码
n498p0,C1089320000184,登记编码
n499p0,C1089320000183,登记编码
n500p0,C1089320000182,登记编码
n501p0,C1089320000181,登记编码
n502p0,C1126320000026,登记编码
n502p5,浙江丽水莲都农村商业银行股份有限公司,发行机构
n502p6,C11263,发行机构代码
n503p0,C1123020000125,登记编码
n503p18,176,实际天数（天）
n504p0,C1156220000030,登记编码
n504p5,江苏镇江农村商业银行股份有限公司,发行机构
n504p6,C11562,发行机构代码
n505p0,C1156220000029,登记编码
n506p0,C1087820000096,登记编码
n506p5,鄂尔多斯银行股份有限公司,发行机构
n506p6,C10878,发行机构代码
n506p18,43,实际天数（天）
n507p0,C1087820000095,登记编码
n508p0,C1087820000094,登记编码
n509p0,C1010420004003,登记编码
n510p0,C1010420004000,登记编码
n511p0,C1010420003991,登记编码
n512p0,C1010420003970,登记编码
n513p0,C1010420003942,登记编码
n513p18,121,实际天数（天）
n514p0,C1010420003939,登记编码
n515p0,C1010420003893,登记编码
n516p0,C1010420003766,登记编码
n517p0,C1010420003762,登记编码
n518p0,C1010420003761,登记编码
n519p0,C1010420003758,登记编码
n520p0,C1010420003738,登记编码
n520p10,美元(USD),募集币种
n520p22,2000.0,认购价格
n521p0,C1105220000193,登记编码
n521p5,合肥科技农村商业银行股份有限公司,发行机构
n521p6,C11052,发行机构代码
n522p0,C1087720000178,登记编码
n522p5,乌海银行股份有限公司,发行机构
n522p6,C10877,发行机构代码
n522p16,2020/12/23,产品终止日期
n522p18,174,实际天数（天）
n523p0,C1087720000176,登记编码
n524p0,C1087720000175,登记编码
n525p0,C1087720000174,登记编码
n525p16,2020/09/16,产品终止日期
n525p18,76,实际天数（天）
n526p0,C1123620000079,登记编码
n526p5,浙江温州龙湾农村商业银行股份有限公司,发行机构
n526p6,C11236,发行机构代码
n526p16,2021/01/07,产品终止日期
n526p18,191,实际天数（天）
n527p0,C1089520000006,登记编码
n527p5,烟台银行股份有限公司,发行机构
n527p6,C10895,发行机构代码
n528p0,C1010520006685,登记编码
n529p0,C1010520006683,登记编码
n529p18,136,实际天数（天）
n530p0,C1131220000624,登记编码
n530p20,"湖北,湖南,海南,广东,江西",产品销售区域
n531p0,C1229820000054,登记编码
n531p5,哈密市商业银行股份有限公司,发行机构
n531p6,C12298,发行机构代码
n532p0,C1290120000258,登记编码
n533p0,C1290120000255,登记编码
n534p0,C1114020000177,登记编码
n534p5,长春农村商业银行股份有限公司,发行机构
n534p6,C11140,发行机构代码
n534p20,"吉林,黑龙江,大连",产品销售区域
n535p0,C1117320000023,登记编码
n536p0,C1089420000165,登记编码
n536p5,东营银行股份有限公司,发行机构
n536p6,C10894,发行机构代码
n537p0,C1089420000164,登记编码
n537p16,2020/08/27,产品终止日期
n538p0,C1089420000163,登记编码
n539p0,C1258220000052,登记编码
n539p5,聊城农村商业银行股份有限公司,发行机构
n539p6,C12582,发行机构代码
n539p18,369,实际天数（天）
n540p0,C1116620000022,登记编码
n540p5,江苏射阳农村商业银行股份有限公司,发行机构
n540p6,C11166,发行机构代码
n541p0,C3210220000025,登记编码
n542p0,C1010520006680,登记编码
n543p0,C1010520006678,登记编码
n544p0,C1010520006663,登记编码
n545p0,C1091320000101,登记编码
n545p18,187,实际天数（天）
n546p0,C1030820000619,登记编码
n546p16,2023/07/03,产品终止日期
n546p18,1096,实际天数（天）
n547p0,C1010520006643,登记编码
n548p0,C1010520006640,登记编码
n549p0,C1010520006639,登记编码
n550p0,C1145620000069,登记编码
n550p5,大兴安岭农村商业银行股份有限公司,发行机构
n550p6,C11456,发行机构代码
n550p16,2021/06/24,产品终止日期
n550p18,358,实际天数（天）
n551p0,C1145620000068,登记编码
n552p0,C1092120000413,登记编码
n553p0,C1234920000024,登记编码
n553p5,安徽休宁农村商业银行股份有限公司,发行机构
n553p6,C12349,发行机构代码
n554p0,C1088320000097,登记编码
n555p0,C1088320000096,登记编码
n556p0,C1239620000052,登记编码
n557p0,C1082320000031,登记编码
n557p5,泉州银行股份有限公司,发行机构
n557p6,C10823,发行机构代码
n557p20,"福建,厦门",产品销售区域
n558p0,C1090020000138,登记编码
n559p0,C1304120000074,登记编码
n559p5,新疆阿克苏农村商业银行股份有限公司,发行机构
n559p6,C13041,发行机构代码
n560p0,C1304120000073,登记编码
n560p18,49,实际天数（天）
n561p0,C1083020000185,登记编码
n561p5,广东南粤银行股份有限公司,发行机构
n561p6,C10830,发行机构代码
n561p16,2020/11/06,产品终止日期
n561p20,"广东,深圳,湖南,重庆",产品销售区域
n562p0,Z7001420000028,登记编码
n563p0,C1315820000049,登记编码
n563p5,泰安银行股份有限公司,发行机构
n563p6,C13158,发行机构代码
n563p16,2030/07/01,产品终止日期
n564p0,C1315820000047,登记编码
n565p0,C1194620000343,登记编码
n566p0,C1194620000338,登记编码
n567p0,C1083820000211,登记编码
n567p5,焦作中旅银行股份有限公司,发行机构
n567p6,C10838,发行机构代码
n568p0,C1083820000209,登记编码
n569p0,C1115720000053,登记编码
n569p5,江苏太仓农村商业银行股份有限公司,发行机构
n569p6,C11157,发行机构代码
n569p16,2022/04/25,产品终止日期
n569p18,663,实际天数（天）
n570p0,C1093120000221,登记编码
n570p5,重庆银行股份有限公司,发行机构
n570p6,C10931,发行机构代码
n570p20,"重庆,四川,贵州,陕西",产品销售区域
n571p0,C1084720000087,登记编码
n571p5,平顶山银行股份有限公司,发行机构
n571p6,C10847,发行机构代码
n572p0,C1084720000082,登记编码
n573p0,C1093020000076,登记编码
n574p0,C1040320000341,登记编码
n575p0,C1040320000340,登记编码
n576p0,C1010420003735,登记编码
n577p0,C1152220000150,登记编码
n577p5,江苏海门农村商业银行股份有限公司,发行机构
n577p6,C11522,发行机构代码
n578p0,C1152220000149,登记编码
n579p0,C1152220000147,登记编码
n580p0,C1085620000064,登记编码
n580p5,汉口银行股份有限公司,发行机构
n580p6,C10856,发行机构代码
n580p20,"湖北,重庆",产品销售区域
n581p0,C1089720000253,登记编码
n581p5,济宁银行股份有限公司,发行机构
n581p6,C10897,发行机构代码
n582p0,C1089720000252,登记编码
n582p18,211,实际天数（天）
n583p0,C1089720000251,登记编码
n584p0,C1089720000250,登记编码
n585p0,C1089720000249,登记编码
n586p0,C1089720000248,登记编码
n586p18,57,实际天数（天）
n587p0,C1089720000247,登记编码
n588p0,C1089220000040,登记编码
n589p0,C1089220000038,登记编码
n590p0,C1128720000063,登记编码
n590p5,江苏江南农村商业银行股份有限公司,发行机构
n590p6,C11287,发行机构代码
n590p16,2022/06/03,产品终止日期
n590p18,696,实际天数（天）
n591p0,C1226920000139,登记编码
n592p0,C1092020000680,登记编码
n592p16,2022/07/14,产品终止日期
n593p0,C1092020000679,登记编码
n594p0,C1092020000673,登记编码
n595p0,C1175620000091,登记编码
n595p5,甘肃银行股份有限公司,发行机构
n595p6,C11756,发行机构代码
n595p20,甘肃,产品销售区域
n596p0,C1136020000082,登记编码
n596p5,华融湘江银行,发行机构
n596p6,C11360,发行机构代码
n597p0,C1084620000110,登记编码
n597p5,洛阳银行股份有限公司,发行机构
n597p6,C10846,发行机构代码
n597p18,370,实际天数（天）
n597p20,"河南,深圳",产品销售区域
n598p0,C1084620000109,登记编码
n599p0,C1084620000108,登记编码
n599p16,2021/04/07,产品终止日期
n600p0,C1084620000107,登记编码
n601p0,C1084620000106,登记编码
n602p0,C1108020000054,登记编码
n602p5,福建晋江农村商业银行股份有限公司,发行机构
n602p6,C11080,发行机构代码
n602p20,福建,产品销售区域
n603p0,Z7001020000176,登记编码
n603p16,2023/08/03,产品终止日期
n603p18,1126,实际天数（天）
n604p0,C1091320000095,登记编码
n605p0,C1091320000094,登记编码
n606p0,C1010520006459,登记编码
n606p18,240,实际天数（天）
n606p20,陕西,产品销售区域
n607p0,C1010520006454,登记编码
n608p0,C1010520006450,登记编码
n608p18,192,实际天数（天）
n609p0,C1030620000336,登记编码
n610p0,C1088220000923,登记编码
n611p0,C1092620000119,登记编码
n611p5,金华银行股份有限公司,发行机构
n611p6,C10926,发行机构代码
n612p0,C1092620000118,登记编码
n613p0,C1010520006385,登记编码
n614p0,C1152520000102,登记编码
n614p5,江苏海安农村商业银行股份有限公司,发行机构
n614p6,C11525,发行机构代码
n614p18,42,实际天数（天）
n615p0,C1152520000100,登记编码
n616p0,C1152520000099,登记编码
n617p0,C3212520000117,登记编码
n617p5,青海西宁农村商业银行股份有限公司,发行机构
n617p6,C32125,发行机构代码
n617p20,青海,产品销售区域
n618p0,C1123520000194,登记编码
n618p16,2021/06/22,产品终止日期
n618p18,356,实际天数（天）
n619p0,C1123520000193,登记编码
n620p0,C1088220000922,登记编码
n620p16,2021/08/03,产品终止日期
n620p18,396,实际天数（天）
n621p0,C1088220000921,登记编码
n622p0,C1088220000914,登记编码
n623p0,C1088220000913,登记编码
n624p0,C1123020000124,登记编码
n625p0,C1123020000123,登记编码
n626p0,C1010220000983,登记编码
n626p18,118,实际天数（天）
n627p0,C1194020000108,登记编码
n627p5,江苏启东农村商业银行股份有限公司,发行机构
n627p6,C11940,发行机构代码
n628p0,C1137620000013,登记编码
n629p0,C1115820000015,登记编码
n630p0,C1089620000201,登记编码
n630p5,潍坊银行股份有限公司,发行机构
n630p6,C10896,发行机构代码
n631p0,C1089620000196,登记编码
n632p0,C1089620000184,登记编码
n632p18,55,实际天数（天）
n633p0,C1131220000597,登记编码
n633p9,权益类,投资性质
n633p20,"广东,河南,四川,北京,江苏,江西,辽宁,山东,青岛,大连,深圳",产品销售区域
n634p0,C1131220000596,登记编码
n635p0,C1131220000594,登记编码
n636p0,C1030620000304,登记编码
n637p0,C1217920000068,登记编码
n637p5,江苏泰兴农村商业银行股份有限公司,发行机构
n637p6,C12179,发行机构代码
n637p18,33,实际天数（天）
n638p0,C1115720000052,登记编码
n639p0,C3099520000107,登记编码
n639p5,哈尔滨农村商业银行股份有限公司,发行机构
n639p6,C30995,发行机构代码
n639p16,2021/01/08,产品终止日期
n639p18,190,实际天数（天）
n640p0,C3099520000105,登记编码
n641p0,C3099520000104,登记编码
n642p0,C3210120000048,登记编码
n643p0,C1083020000174,登记编码
n643p16,2020/09/23,产品终止日期
n643p18,84,实际天数（天）
n644p0,C1115320000083,登记编码
n644p5,苏州银行股份有限公司,发行机构
n644p6,C11153,发行机构代码
n644p16,2040/07/03,产品终止日期
n644p18,7305,实际天数（天）
n645p0,C1080320001059,登记编码
n646p0,C1010520006213,登记编码
n647p0,C1030120000934,登记编码
n648p0,Z7000920000276,登记编码
n648p18,29037,实际天数（天）
n648p22,1000.0,认购价格
n649p0,C1092120000378,登记编码
n650p0,C1140420A000009,登记编码
n650p18,730,实际天数（天）
n651p0,C1015320000217,登记编码
n651p5,宁波东海银行股份有限公司,发行机构
n651p6,C10153,发行机构代码
n651p18,372,实际天数（天）
n652p0,C1015320000216,登记编码
n652p16,2021/03/04,产品终止日期
n652p18,246,实际天数（天）
n653p0,C1015320000215,登记编码
n654p0,C1083520000256,登记编码
n655p0,C1083520000259,登记编码
n656p0,C1083520000289,登记编码
n657p0,C1010520006190,登记编码
n658p0,C1010520006187,登记编码
n659p0,C1210920000068,登记编码
n659p5,贵州银行股份有限公司,发行机构
n659p6,C12109,发行机构代码
n659p16,2021/06/23,产品终止日期
n659p18,359,实际天数（天）
n660p0,C1210920000058,登记编码
n661p0,C1309220000053,登记编码
n661p5,海南银行股份有限公司,发行机构
n661p6,C13092,发行机构代码
n661p20,海南,产品销售区域
n662p0,C1010520006144,登记编码
n663p0,C3147520000104,登记编码
n664p0,C1131220000590,登记编码
n665p0,C1131220000566,登记编码
n666p0,C1010520006109,登记编码
n667p0,C1010520006108,登记编码
n668p0,C1030520000755,登记编码
n669p0,C1030520000749,登记编码
n670p0,C1123720000104,登记编码
n671p0,C1030120000904,登记编码
n672p0,C1122820000300,登记编码
n673p0,C1085420000041,登记编码
n673p5,大庆农村商业银行股份有限公司,发行机构
n673p6,C10854,发行机构代码
n674p0,C1030420002687,登记编码
n675p0,C3168320000028,登记编码
n675p18,171,实际天数（天）
n676p0,C1082720000183,登记编码
n677p0,C1081020000347,登记编码
n678p0,C1030420002410,登记编码
n679p0,C1010520006064,登记编码
n679p18,142,实际天数（天）
n680p0,C1010520006063,登记编码
n681p0,C1010520006058,登记编码
n681p20,重庆,产品销售区域
n682p0,C1080920000679,登记编码
n682p5,盛京银行股份有限公司,发行机构
n682p6,C10809,发行机构代码
n682p20,"北京,天津,辽宁,吉林,上海,大连",产品销售区域
n683p0,C1080920000673,登记编码
n684p0,C1080920000583,登记编码
n684p16,2021/08/26,产品终止日期
n684p18,420,实际天数（天）
n685p0,C1080920000576,登记编码
n686p0,C1124120000077,登记编码
n686p5,浙江苍南农村商业银行股份有限公司,发行机构
n686p6,C11241,发行机构代码
n687p0,C1124120000076,登记编码
n688p0,C1093220000170,登记编码
n688p5,重庆三峡银行股份有限公司,发行机构
n688p6,C10932,发行机构代码
n688p18,337,实际天数（天）
n689p0,C1083620000043,登记编码
n690p0,C3210020000058,登记编码
n690p5,浙江东阳农村商业银行股份有限公司,发行机构
n690p6,C32100,发行机构代码
n691p0,C1088220000888,登记编码
n691p18,389,实际天数（天）
n692p0,C1088220000887,登记编码
n693p0,C1088220000874,登记编码
n694p0,C1088220000858,登记编码
n695p0,C1088220000856,登记编码
n696p0,C1088220000854,登记编码
n696p16,2022/07/15,产品终止日期
n696p18,747,实际天数（天）
n697p0,C1050320000597,登记编码
n697p5,南洋商业银行（中国）有限公司,发行机构
n697p6,C10503,发行机构代码
n697p20,"北京,上海,山东,广东,广西,海南,四川,江苏,浙江,辽宁,深圳,大连,青岛,安徽",产品销售区域
n698p0,C1083320000100,登记编码
n698p5,柳州银行股份有限公司,发行机构
n698p6,C10833,发行机构代码
n699p0,C1083320000099,登记编码
n699p18,110,实际天数（天）
n700p0,C3133620000024,登记编码
n700p5,江苏如东农村商业银行股份有限公司,发行机构
n700p6,C31336,发行机构代码
n701p0,C1010520005956,登记编码
n701p16,2021/01/21,产品终止日期
n702p0,C1010520005953,登记编码
n703p0,C1010520005950,登记编码
n703p18,129,实际天数（天）
n704p0,C1122120000587,登记编码
n704p16,2022/08/03,产品终止日期
n705p0,C1122120000523,登记编码
n706p0,C1010220000913,登记编码
n707p0,C1010220000906,登记编码
n708p0,C1030120000877,登记编码
n709p0,C1030120000847,登记编码
n710p0,C1030120000833,登记编码
n711p0,C1030820000556,登记编码
n712p0,C1140220000219,登记编码
n712p5,江苏宜兴农村商业银行股份有限公司,发行机构
n712p6,C11402,发行机构代码
n713p0,C1140220000218,登记编码
n714p0,C3135420000083,登记编码
n714p5,江苏扬州农村商业银行股份有限公司,发行机构
n714p6,C31354,发行机构代码
n715p0,C1010320000792,登记编码
n715p16,2021/01/26,产品终止日期
n715p18,208,实际天数（天）
n716p0,C1010320000785,登记编码
n716p16,2021/01/29,产品终止日期
n717p0,C1010320000783,登记编码
n717p16,2021/01/11,产品终止日期
n717p18,193,实际天数（天）
n718p0,C1010320000781,登记编码
n719p0,C1010320000780,登记编码
n720p0,C1010320000779,登记编码
n721p0,C1010320000778,登记编码
n721p16,2021/01/18,产品终止日期
n721p18,200,实际天数（天）
n722p0,C1010320000777,登记编码
n722p16,2021/01/27,产品终止日期
n723p0,C1086220000110,登记编码
n724p0,C1086220000122,登记编码
n724p16,2021/04/05,产品终止日期
n724p18,277,实际天数（天）
n725p0,C3126620000138,登记编码
n725p5,长春发展农村商业银行股份有限公司,发行机构
n725p6,C31266,发行机构代码
n725p20,吉林,产品销售区域
n726p0,C3126620000128,登记编码
n727p0,C1010520005721,登记编码
n728p0,C1010520005696,登记编码
n729p0,C1083220000431,登记编码
n729p5,广西北部湾银行股份有限公司,发行机构
n729p6,C10832,发行机构代码
n730p0,C1083220000423,登记编码
n731p0,C1083220000415,登记编码
n732p0,C1178820000285,登记编码
n732p5,广东南海农村商业银行股份有限公司,发行机构
n732p6,C11788,发行机构代码
n733p0,C1010220000861,登记编码
n734p0,C1091220000466,登记编码
n734p16,2030/07/02,产品终止日期
n735p0,C1081520000129,登记编码
n735p5,营口银行股份有限公司,发行机构
n735p6,C10815,发行机构代码
n735p20,"辽宁,黑龙江",产品销售区域
n736p0,C1081520000102,登记编码
n737p0,C1081520000101,登记编码
n738p0,C1091720000086,登记编码
n738p5,富滇银行股份有限公司,发行机构
n738p6,C10917,发行机构代码
n738p20,"云南,重庆",产品销售区域
n739p0,C1030220000196,登记编码
n740p0,C1030920000428,登记编码
n741p0,C1030920000427,登记编码
n742p0,C1010520005465,登记编码
n743p0,C1083020000123,登记编码
n743p16,2021/08/20,产品终止日期
n743p18,413,实际天数（天）
n744p0,C1083020000110,登记编码
n744p16,2021/05/19,产品终止日期
n744p18,322,实际天数（天）
n745p0,C1083020000104,登记编码
n746p0,C1083020000097,登记编码
n747p0,C1010520005326,登记编码
n748p0,C1010520005320,登记编码
n749p0,Z7000920000142,登记编码
n749p16,2023/08/01,产品终止日期
n750p0,C1122720000221,登记编码
n750p5,杭州联合农村商业银行股份有限公司,发行机构
n750p6,C11227,发行机构代码
n750p20,"浙江,新疆",产品销售区域
n751p0,C1030420002149,登记编码
n751p16,2021/03/16,产品终止日期
n751p18,260,实际天数（天）
n752p0,C1170920000190,登记编码
n752p5,广东华兴银行股份有限公司,发行机构
n752p6,C11709,发行机构代码
n753p0,C1170920000171,登记编码
n754p0,C1117720000074,登记编码
n754p5,江苏泗阳农村商业银行股份有限公司,发行机构
n754p6,C11177,发行机构代码
n755p0,Z7001120000030,登记编码
n756p0,C1030220000169,登记编码
n757p0,C1087220000048,登记编码
n757p5,上饶银行股份有限公司,发行机构
n757p6,C10872,发行机构代码
n758p0,C1087220000047,登记编码
n759p0,C1079620000052,登记编码
n760p0,C1079620000019,登记编码
n761p0,C3132720000097,登记编码
n761p5,徐州淮海农村商业银行股份有限公司,发行机构
n761p6,C31327,发行机构代码
n762p0,C1030420A001081,登记编码
n763p0,C1088920000087,登记编码
n763p5,邢台银行股份有限公司,发行机构
n763p6,C10889,发行机构代码
n764p0,C1010520004729,登记编码
n765p0,C1182920000008,登记编码
n765p5,海口农村商业银行股份有限公司,发行机构
n765p6,C11829,发行机构代码
n766p0,C1030220A000297,登记编码
n767p0,C1128720000012,登记编码
n768p0,C1030920000336,登记编码
n769p0,C1122720000179,登记编码
n770p0,C1082919000738,登记编码
n770p8,3.0,产品类别代码
n770p19,债券类,投资资产类型
n770p20,3.85,预期最高收益率(%)
n770p25,一般个人客户,产品类别
n771p0,C1082919000737,登记编码
n771p20,3.95,预期最高收益率(%)
n772p0,C1082919000836,登记编码
n772p20,3.8,预期最高收益率(%)
n773p0,C1082919000835,登记编码
n773p20,3.65,预期最高收益率(%)
n774p0,C1082919000834,登记编码
n774p20,3.45,预期最高收益率(%)
n775p0,C1082919000833,登记编码
n775p20,3.4,预期最高收益率(%)
n776p0,C1078720A000019,登记编码
n776p5,富邦华一银行有限公司,发行机构
n776p6,C10787,发行机构代码
n776p13,2020/06/23,募集起始日期
n776p16,2022/06/29,产品终止日期
n776p20,"上海,深圳,天津,江苏,北京,四川,湖北,陕西,广东,重庆",产品销售区域
n777p0,C1092120A000387,登记编码
n777p18,378,实际天数（天）
n778p0,C1081020A000052,登记编码
n779p0,C1290120A000016,登记编码
n779p16,2023/06/13,产品终止日期
n779p18,1075,实际天数（天）
n780p0,C1139420000038,登记编码
n780p5,景德镇农村商业银行股份有限公司,发行机构
n780p6,C11394,发行机构代码
n781p0,C1031520000198,登记编码
n782p0,C1030520000808,登记编码
n783p0,C3168320000032,登记编码
n783p16,2021/03/24,产品终止日期
n783p18,268,实际天数（天）
n784p0,C1104920000057,登记编码
n784p5,天津滨海农村商业银行股份有限公司,发行机构
n784p6,C11049,发行机构代码
n784p20,"天津,浙江,新疆",产品销售区域
n785p0,C1092520000286,登记编码
n785p5,绍兴银行股份有限公司,发行机构
n785p6,C10925,发行机构代码
n786p0,C1092520000284,登记编码
n787p0,C1092520000282,登记编码
n787p18,371,实际天数（天）
n788p0,C1081420000214,登记编码
n789p0,C1092520000280,登记编码
n790p0,C1092520000278,登记编码
n791p0,C1092120000411,登记编码
n792p0,C1092520000277,登记编码
n793p0,C1092520000275,登记编码
n794p0,C1402720000028,登记编码
n794p5,浙江文成农村商业银行股份有限公司,发行机构
n794p6,C14027,发行机构代码
n795p0,C1081320000080,登记编码
n796p0,C1126720000132,登记编码
n796p5,重庆农村商业银行股份有限公司,发行机构
n796p6,C11267,发行机构代码
n797p0,C1143220000067,登记编码
n797p5,营口沿海银行股份有限公司,发行机构
n797p6,C11432,发行机构代码
n798p0,C1206120000028,登记编码
n798p5,大连农村商业银行股份有限公司,发行机构
n798p6,C12061,发行机构代码
n798p20,大连,产品销售区域
n799p0,C3208120000033,登记编码
n800p0,C1175620000094,登记编码
n800p16,2039/05/09,产品终止日期
n800p18,6885,实际天数（天）
n801p0,C1175620000093,登记编码
n802p0,C1124320000042,登记编码
n802p5,浙江禾城农村商业银行股份有限公司,发行机构
n802p6,C11243,发行机构代码
n803p0,C1194620000342,登记编码
n804p0,C1123720000106,登记编码
n805p0,C1083820000208,登记编码
n805p18,210,实际天数（天）
n806p0,C1083820000207,登记编码
n807p0,C1084720000086,登记编码
n808p0,C1084720000085,登记编码
n809p0,C1090320000157,登记编码
n810p0,C1265120000015,登记编码
n810p5,贵州花溪农村商业银行股份有限公司,发行机构
n810p6,C12651,发行机构代码
n811p0,C2708220000207,登记编码
n811p5,兰州银行股份有限公司,发行机构
n811p6,C27082,发行机构代码
n812p0,C1105420000059,登记编码
n812p5,淮南通商农村商业银行股份有限公司,发行机构
n812p6,C11054,发行机构代码
n813p0,C1114120000182,登记编码
n813p5,吉林九台农村商业银行股份有限公司,发行机构
n813p6,C11141,发行机构代码
n813p20,"吉林,黑龙江",产品销售区域
n814p0,C1082220000011,登记编码
n814p5,福建海峡银行股份有限公司,发行机构
n814p6,C10822,发行机构代码
n815p0,C1092020000678,登记编码
n815p16,2022/07/12,产品终止日期
n816p0,C1092020000677,登记编码
n817p0,C1082120000048,登记编码
n817p5,葫芦岛银行股份有限公司,发行机构
n817p6,C10821,发行机构代码
n818p0,C1031520000195,登记编码
n819p0,C1031520000194,登记编码
n819p18,274,实际天数（天）
n820p0,C1031520000193,登记编码
n821p0,C1088320000095,登记编码
n821p16,2022/06/16,产品终止日期
n821p18,717,实际天数（天）
n822p0,C1301820000070,登记编码
n822p5,陕西秦农农村商业银行股份有限公司,发行机构
n822p6,C13018,发行机构代码
n823p0,C1030420002752,登记编码
n823p16,2999/12/31,产品终止日期
n823p18,357756,实际天数（天）
n824p0,C1010520006323,登记编码
n825p0,C1010520006320,登记编码
n826p0,C1030420002748,登记编码
n827p0,C1088220000912,登记编码
n827p16,2021/01/12,产品终止日期
n827p18,196,实际天数（天）
n828p0,C1088220000911,登记编码
n828p16,2020/07/31,产品终止日期
n829p0,C1031520000189,登记编码
n829p18,1092,实际天数（天）
n830p0,C3210420000037,登记编码
n830p5,浙江磐安农村商业银行股份有限公司,发行机构
n830p6,C32104,发行机构代码
n831p0,C1091920000120,登记编码
n831p5,云南红塔银行股份有限公司,发行机构
n831p6,C10919,发行机构代码
n832p0,C1085520000185,登记编码
n832p5,哈尔滨银行股份有限公司,发行机构
n832p6,C10855,发行机构代码
n832p20,"北京,天津,辽宁,黑龙江,重庆,四川,大连,湖北,河南,甘肃,深圳",产品销售区域
n833p0,C1030620000313,登记编码
n834p0,C1091720000118,登记编码
n834p18,50,实际天数（天）
n835p0,C1091720000106,登记编码
n835p16,2021/04/22,产品终止日期
n835p18,296,实际天数（天）
n836p0,C1080320001125,登记编码
n836p16,2022/05/11,产品终止日期
n836p18,681,实际天数（天）
n837p0,C1139320000156,登记编码
n838p0,C1139320000155,登记编码
n839p0,C1126720000118,登记编码
n840p0,C1211220000536,登记编码
n840p20,"北京,天津,河北,山西,内蒙古,辽宁,吉林,上海,江苏,浙江,安徽,福建,山东,河南,湖北,湖南,广东,海南,重庆,四川,陕西,大连,宁波,厦门,青岛,深圳,广西,江西",产品销售区域
n841p0,C1278820000050,登记编码
n841p5,河北正定农村商业银行股份有限公司,发行机构
n841p6,C12788,发行机构代码
n842p0,C1088520000121,登记编码
n842p18,198,实际天数（天）
n842p20,"天津,山东,河北",产品销售区域
n843p0,C1080420A000003,登记编码
n843p20,"安徽,江苏",产品销售区域
n844p0,C1126220000017,登记编码
n844p5,浙江温岭农村商业银行股份有限公司,发行机构
n844p6,C11262,发行机构代码
n845p0,C1081620000159,登记编码
n845p5,阜新银行股份有限公司,发行机构
n845p6,C10816,发行机构代码
n845p20,"辽宁,大连",产品销售区域
n846p0,C1081620000163,登记编码
n847p0,C1081620000162,登记编码
n848p0,C1081020A000041,登记编码
n849p0,C1082420000028,登记编码
n849p18,29006,实际天数（天）
n850p0,C1090320000155,登记编码
n851p0,C1090320000154,登记编码
n852p0,C1090320000153,登记编码
n853p0,C1123220000053,登记编码
n853p5,宁波慈溪农村商业银行股份有限公司,发行机构
n853p6,C11232,发行机构代码
n854p0,C1078720000027,登记编码
n855p0,C1086720000137,登记编码
n856p0,C1087320000136,登记编码
n856p5,赣州银行股份有限公司,发行机构
n856p6,C10873,发行机构代码
n856p20,"江西,福建",产品销售区域
n857p0,C1087320000135,登记编码
n858p0,C1087320000134,登记编码
n859p0,C1091220000502,登记编码
n860p0,C1209620000139,登记编码
n860p16,2020/10/23,产品终止日期
n861p0,C1209620000138,登记编码
n862p0,C1059520000038,登记编码
n863p0,C1203820000001,登记编码
n863p5,赣州农村商业银行股份有限公司,发行机构
n863p6,C12038,发行机构代码
n863p16,2030/06/29,产品终止日期
n864p0,C1087520000281,登记编码
n865p0,C1087520000280,登记编码
n866p0,C1087520000279,登记编码
n867p0,C1211220A000450,登记编码
n867p20,"北京,天津,河北,山西,内蒙古,辽宁,吉林,上海,江苏,浙江,安徽,福建,山东,河南,湖北,湖南,广东,海南,重庆,四川,陕西,大连,宁波,厦门,青岛,深圳,江西,广西",产品销售区域
n868p0,C1211220A000448,登记编码
n869p0,C1211220000522,登记编码
n870p0,C1211220000521,登记编码
n871p0,C1211220000518,登记编码
n872p0,C1211220000471,登记编码
n872p16,2022/07/04,产品终止日期
n872p18,733,实际天数（天）
n873p0,C1211220000469,登记编码
n874p0,C1211220000467,登记编码
n875p0,C1211220000435,登记编码
n876p0,Z7000720000439,登记编码
n877p0,C1080920000671,登记编码
n878p0,C1080920000663,登记编码
n879p0,C1122920000151,登记编码
n880p0,C1010520006017,登记编码
n881p0,C3168120000025,登记编码
n881p5,山西平定农村商业银行股份有限公司,发行机构
n881p6,C31681,发行机构代码
n882p0,C1088220000815,登记编码
n883p0,C1124020000064,登记编码
n884p0,C1308920000064,登记编码
n884p5,新疆昌吉农村商业银行股份有限公司,发行机构
n884p6,C13089,发行机构代码
n885p0,C1010520005927,登记编码
n886p0,C1010520005914,登记编码
n887p0,C1030920000522,登记编码
n888p0,C1081420000194,登记编码
n889p0,C1080220000279,登记编码
n889p5,北京银行,发行机构
n889p6,C10802,发行机构代码
n889p20,"北京,天津,上海,江苏,浙江,江西,山东,湖南,陕西,深圳,河北,新疆",产品销售区域
n890p0,C1081420000183,登记编码
n891p0,C1081420000182,登记编码
n892p0,C1081420000181,登记编码
n893p0,C1092720000467,登记编码
n894p0,C1092720000433,登记编码
n895p0,C1050320000513,登记编码
n895p18,83,实际天数（天）
n896p0,C1131320000111,登记编码
n897p0,C1083220000345,登记编码
n897p16,2021/03/31,产品终止日期
n898p0,C1126720000110,登记编码
n898p16,2021/01/22,产品终止日期
n899p0,C1258820000075,登记编码
n899p5,成都农村商业银行股份有限公司,发行机构
n899p6,C12588,发行机构代码
n900p0,C1090220000095,登记编码
n901p0,C1087420000168,登记编码
n901p5,江西银行股份有限公司,发行机构
n901p6,C10874,发行机构代码
n901p20,"江苏,江西,广东",产品销售区域
n902p0,C1087420000166,登记编码
n903p0,C1193320000116,登记编码
n903p5,山西河津农村商业银行股份有限公司,发行机构
n903p6,C11933,发行机构代码
n904p0,C1085520000134,登记编码
n905p0,Z7000720000239,登记编码
n905p16,2023/06/28,产品终止日期
n905p18,1091,实际天数（天）
n906p0,Z7000720000237,登记编码
n907p0,C1087920000021,登记编码
n907p5,宁夏银行股份有限公司,发行机构
n907p6,C10879,发行机构代码
n907p20,"天津,陕西,宁夏",产品销售区域
n908p0,C1193320000096,登记编码
n909p0,C3130120000043,登记编码
n910p0,C1091920000075,登记编码
n911p0,C1010220000587,登记编码
n912p0,C1010220000570,登记编码
n913p0,C1010520004216,登记编码
n913p16,2021/02/04,产品终止日期
n914p0,C1030420001122,登记编码
n915p0,C1128820000111,登记编码
n915p16,2021/06/25,产品终止日期
n915p18,361,实际天数（天）
n916p0,C1104320000018,登记编码
n916p5,北京农村商业银行股份有限公司,发行机构
n916p6,C11043,发行机构代码
n917p0,C1122720000178,登记编码
n917p16,2022/07/05,产品终止日期
n917p18,735,实际天数（天）
n918p0,C1010219003162,登记编码
n919p0,C1010219003161,登记编码
n920p0,C1079319000112,登记编码
n920p5,乐山市商业银行股份有限公司,发行机构
n920p6,C10793,发行机构代码
n920p17,357,实际天数（天）
n921p0,C1137620A000006,登记编码
n921p13,2020/06/22,募集起始日期
n921p16,2021/06/18,产品终止日期
n921p18,354,实际天数（天）
n922p0,C1290120A000015,登记编码
n922p18,1076,实际天数（天）
n923p0,Z7000720A000137,登记编码
n923p16,2021/01/25,产品终止日期
n923p18,209,实际天数（天）
n924p0,Z7000720A000136,登记编码
n925p0,C1088620000150,登记编码
n925p18,352,实际天数（天）
n926p0,C1088620000149,登记编码
n927p0,C1088620000148,登记编码
n928p0,C1113220000004,登记编码
n928p5,长沙农村商业银行股份有限公司,发行机构
n928p6,C11132,发行机构代码
n928p18,367,实际天数（天）
n929p0,C1093120000218,登记编码
n930p0,C1125120000072,登记编码
n931p0,C1090720000005,登记编码
n931p5,晋城银行股份有限公司,发行机构
n931p6,C10907,发行机构代码
n931p18,555,实际天数（天）
n932p0,C1090720000004,登记编码
n933p0,C1031020000114,登记编码
n934p0,C1092020000676,登记编码
n935p0,C1092020000675,登记编码
n935p16,2020/08/31,产品终止日期
n936p0,C1092020000674,登记编码
n937p0,C1092220000258,登记编码
n938p0,C1150120000088,登记编码
n939p0,C1150120000087,登记编码
n940p0,C1092020000668,登记编码
n941p0,C1092020000667,登记编码
n942p0,C1078120000059,登记编码
n942p5,厦门国际银行股份有限公司,发行机构
n942p6,C10781,发行机构代码
n942p20,"北京,福建,广东,上海,厦门",产品销售区域
n943p0,C1315820000044,登记编码
n944p0,C1315820000043,登记编码
n945p0,C1086820A000023,登记编码
n945p16,2022/06/22,产品终止日期
n945p18,721,实际天数（天）
n946p0,C1210120000144,登记编码
n946p16,2020/09/05,产品终止日期
n946p18,66,实际天数（天）
n947p0,C1210120000145,登记编码
n948p0,C1210120000146,登记编码
n949p0,C1125920000058,登记编码
n949p5,浙江台州路桥农村商业银行股份有限公司,发行机构
n949p6,C11259,发行机构代码
n950p0,C1090120000121,登记编码
n951p0,C1090120000124,登记编码
n952p0,C1136020000076,登记编码
n953p0,C1091220000521,登记编码
n954p0,C1010220000949,登记编码
n955p0,C1131220000583,登记编码
n956p0,C1131220000606,登记编码
n957p0,C1131220000574,登记编码
n958p0,C1141020000123,登记编码
n958p5,江苏如皋农村商业银行股份有限公司,发行机构
n958p6,C11410,发行机构代码
n959p0,C1141020000122,登记编码
n960p0,C1030220000276,登记编码
n960p20,"北京,天津,河北,山西,内蒙古,辽宁,吉林,黑龙江,上海,江苏,浙江,安徽,福建,江西,山东,河南,湖北,湖南,广东,广西,海南,重庆,四川,贵州,云南,西藏,陕西,甘肃,青海,宁夏,新疆,台湾,香港,澳门,其他国家或地区",产品销售区域
n961p0,C1010520006042,登记编码
n962p0,C1010520006037,登记编码
n963p0,C3161520000032,登记编码
n963p5,山东威海农村商业银行股份有限公司,发行机构
n963p6,C31615,发行机构代码
n964p0,C1088220000860,登记编码
n965p0,C1088220000798,登记编码
n965p16,2020/09/27,产品终止日期
n966p0,C1030720000056,登记编码
n966p5,平安银行股份有限公司,发行机构
n966p6,C10307,发行机构代码
n966p16,2022/07/18,产品终止日期
n966p20,"北京,天津,河北,山西,内蒙古,辽宁,吉林,黑龙江,上海,江苏,浙江,安徽,福建,江西,山东,河南,湖北,湖南,广东,广西,海南,重庆,四川,贵州,云南,陕西,甘肃,大连,宁波,厦门,青岛,深圳",产品销售区域
n967p0,C1080220000266,登记编码
n967p18,1095,实际天数（天）
n968p0,C1210120000118,登记编码
n969p0,Z7000720000337,登记编码
n970p0,Z7000720000336,登记编码
n970p16,2021/03/08,产品终止日期
n970p18,251,实际天数（天）
n971p0,C1092720000408,登记编码
n972p0,C1090420000095,登记编码
n972p5,晋商银行股份有限公司,发行机构
n972p6,C10904,发行机构代码
n973p0,C1010520005192,登记编码
n973p18,145,实际天数（天）
n974p0,C1010520005191,登记编码
n975p0,C1091520000028,登记编码
n975p5,库尔勒银行股份有限公司,发行机构
n975p6,C10915,发行机构代码
n976p0,C1226920000131,登记编码
n977p0,C1092420000118,登记编码
n977p5,湖州银行股份有限公司,发行机构
n977p6,C10924,发行机构代码
n977p16,2022/08/18,产品终止日期
n977p18,778,实际天数（天）
n978p0,C1030420001411,登记编码
n978p16,2021/02/22,产品终止日期
n978p18,238,实际天数（天）
n979p0,C1010520003037,登记编码
n980p0,C1122820000302,登记编码
n980p13,2020/06/21,募集起始日期
n980p16,2021/04/26,产品终止日期
n980p18,301,实际天数（天）
n981p0,C1122920000155,登记编码
n982p0,C1122120000596,登记编码
n983p0,C1122720000217,登记编码
n984p0,C1010520005195,登记编码
n984p13,2020/06/20,募集起始日期
n985p0,C1010220000588,登记编码
n986p0,C1010520003048,登记编码
n987p0,C1139420000037,登记编码
n987p13,2020/06/19,募集起始日期
n988p0,C1081220000074,登记编码
n988p5,抚顺银行股份有限公司,发行机构
n988p6,C10812,发行机构代码
n988p16,2021/12/23,产品终止日期
n988p18,542,实际天数（天）
n989p0,C1081220000075,登记编码
n990p0,C1081220000076,登记编码
n991p0,C1081220000077,登记编码
n992p0,C1081220000079,登记编码
n993p0,C1381620000013,登记编码
n993p5,浙江松阳农村商业银行股份有限公司,发行机构
n993p6,C13816,发行机构代码
n994p0,C1106920000062,登记编码
n994p5,芜湖扬子农村商业银行股份有限公司,发行机构
n994p6,C11069,发行机构代码
n995p0,C1258220000051,登记编码
n996p0,C1258220000050,登记编码
n997p0,C1122120000623,登记编码
n997p18,29040,实际天数（天）
n998p0,C1079420000029,登记编码
n998p5,长城华西银行股份有限公司,发行机构
n998p6,C10794,发行机构代码
n999p0,C1030220000194,登记编码
n999p18,86,实际天数（天）
n1000p0,C1031019C000085,登记编码
n1000p15,2023/05/08,产品终止日期
n1000p17,1039,实际天数（天）
n1001p0,C1418520000023,登记编码
n1001p5,广东佛冈农村商业银行股份有限公司,发行机构
n1001p6,C14185,发行机构代码
n1001p13,2020/06/18,募集起始日期
n1002p0,C1133620000120,登记编码
n1002p5,江苏盐城农村商业银行股份有限公司,发行机构
n1002p6,C11336,发行机构代码
n1003p0,C1133620000119,登记编码
n1004p0,C1090220000068,登记编码
n1005p0,Z7000920000132,登记编码
n1005p18,753,实际天数（天）
n1006p0,C1030220000028,登记编码
n1007p0,Z7001020000171,登记编码
n1007p13,2020/06/17,募集起始日期
n1007p16,2022/02/09,产品终止日期
n1007p18,589,实际天数（天）
n1008p0,C3166720000150,登记编码
n1008p5,太原市城区农村信用合作联社,发行机构
n1008p6,C31667,发行机构代码
n1009p0,C3166720000149,登记编码
n1010p0,C3166720000146,登记编码
n1011p0,C1085120000099,登记编码
n1011p5,郑州银行股份有限公司,发行机构
n1011p6,C10851,发行机构代码
n1011p20,"河南,北京,天津,河北,山西,内蒙古,辽宁,吉林,黑龙江,上海,江苏,浙江,安徽,福建,江西,山东,湖北,湖南,广东,广西,海南,重庆,四川,贵州,云南,西藏,陕西,甘肃,青海,宁夏,新疆,大连,宁波,厦门,青岛,深圳",产品销售区域
n1012p0,C1085120000098,登记编码
n1013p0,C1085120000096,登记编码
n1014p0,C1085120000094,登记编码
n1015p0,Z7002020000094,登记编码
n1015p5,兴银理财有限责任公司,发行机构
n1015p6,Z70020,发行机构代码
n1015p13,2020/06/16,募集起始日期
n1015p16,2030/06/28,产品终止日期
n1015p18,3651,实际天数（天）
n1016p0,C1131220000517,登记编码
n1016p13,2020/06/15,募集起始日期
n1017p0,C1074220A000004,登记编码
n1017p5,瑞士银行（中国）有限公司,发行机构
n1017p6,C10742,发行机构代码
n1017p13,2020/06/10,募集起始日期
n1017p18,373,实际天数（天）
n1018p0,C1092020A000040,登记编码
n1018p13,2020/03/02,募集起始日期
n1019p0,C1010420001299,登记编码
n1019p13,2020/02/28,募集起始日期
n1019p22,20000000.0,认购价格
n1020p0,C1010420001219,登记编码
n1020p16,2020/06/05,产品终止日期
n1021p0,C1090419000285,登记编码
n1021p15,2020/08/01,产品起始日期
n1022p0,C1090419000284,登记编码
n1023p0,C1090419000283,登记编码
n1024p0,C1030220A000361,登记编码
n1024p13,2020/02/27,募集起始日期
n1024p16,2022/03/01,产品终止日期
n1024p18,728,实际天数（天）
n1025p0,C1062220000022,登记编码
n1025p15,2020/03/04,产品起始日期
n1025p18,3842,实际天数（天）
n1026p0,C1062220000021,登记编码
n1026p13,2020/02/26,募集起始日期
n1027p0,C1119420000069,登记编码
n1027p5,宁夏黄河农村商业银行股份有限公司,发行机构
n1027p6,C11194,发行机构代码
n1027p13,2020/02/25,募集起始日期
n1027p20,宁夏,产品销售区域
n1028p0,C1031019C000111,登记编码
n1028p8,2.0,产品类别代码
n1028p12,2020/01/01,募集起始日期
n1028p23,机构客户专属,产品类别
n1029p0,C1031019C000088,登记编码
n1029p12,2019/12/01,募集起始日期
n1030p0,C1031019C000116,登记编码
n1030p12,2019/11/07,募集起始日期
n1030p23,金融同业客户专属,产品类别
n1031p0,C1031019C000076,登记编码
n1031p12,2019/08/15,募集起始日期
n1031p15,2099/12/30,产品终止日期
n1031p17,28852,实际天数（天）
n1032p0,C1090418000288,登记编码
n1032p12,2019/03/29,募集起始日期
n1032p15,2020/11/01,产品终止日期
n1032p20,2.8,预期最高收益率(%)
n1033p0,C1031019C000006,登记编码
n1033p12,2019/03/20,募集起始日期
n1034p0,C1030918B000411,登记编码
n1034p12,2018/12/20,募集起始日期
n1034p14,2020/12/20,产品起始日期
n1035p0,C1123020000126,登记编码
n1035p16,2021/04/13,产品终止日期
n1035p18,281,实际天数（天）
n1036p0,C1087820000093,登记编码
n1037p0,C1082020000077,登记编码
n1037p5,朝阳银行股份有限公司,发行机构
n1037p6,C10820,发行机构代码
n1038p0,C1082020000076,登记编码
n1039p0,C1082020000075,登记编码
n1040p0,C1010420004009,登记编码
n1041p0,C1010420004006,登记编码
n1042p0,C1010420003996,登记编码
n1043p0,C1010420003938,登记编码
n1044p0,C1010420003771,登记编码
n1045p0,C1010420003763,登记编码
n1046p0,C1010420003760,登记编码
n1047p0,C1010420003759,登记编码
n1048p0,C1010420003757,登记编码
n1049p0,C1010420003756,登记编码
n1050p0,C1010420003755,登记编码
n1051p0,C1010420003754,登记编码
n1052p0,C1010420003749,登记编码
n1053p0,Z7000720A000107,登记编码
n1053p16,2021/04/15,产品终止日期
n1053p18,289,实际天数（天）
n1054p0,C1010420003739,登记编码
n1054p18,166,实际天数（天）
n1055p0,C1010520006687,登记编码
n1056p0,C1105220000194,登记编码
n1057p0,C1105220000192,登记编码
n1058p0,C1105220000191,登记编码
n1059p0,C1105220000190,登记编码
n1060p0,C1105220000189,登记编码
n1061p0,C3056420000095,登记编码
n1061p5,广东四会农村商业银行股份有限公司,发行机构
n1061p6,C30564,发行机构代码
n1062p0,C1087720000180,登记编码
n1063p0,C1010420003737,登记编码
n1064p0,C1131220000625,登记编码
n1065p0,C1010520006686,登记编码
n1065p16,2021/02/03,产品终止日期
n1065p18,218,实际天数（天）
n1066p0,C1175620000096,登记编码
n1067p0,C1290120000257,登记编码
n1068p0,C1290120000256,登记编码
n1069p0,C1290120000254,登记编码
n1070p0,C1114020000180,登记编码
n1071p0,C1114020000179,登记编码
n1072p0,C1114020000178,登记编码
n1073p0,C1114020000176,登记编码
n1074p0,C1194020000111,登记编码
n1075p0,C1194020000110,登记编码
n1076p0,C1089420000170,登记编码
n1077p0,C1158520000014,登记编码
n1077p5,安徽无为农村商业银行股份有限公司,发行机构
n1077p6,C11585,发行机构代码
n1078p0,C1089420000167,登记编码
n1079p0,C1089420000166,登记编码
n1080p0,C1115620000007,登记编码
n1080p5,江苏张家港农村商业银行股份有限公司,发行机构
n1080p6,C11156,发行机构代码
n1080p18,374,实际天数（天）
n1080p20,"江苏,山东",产品销售区域
n1081p0,C1088520000134,登记编码
n1082p0,C1010520006679,登记编码
n1083p0,C1010520006675,登记编码
n1084p0,C1010520006673,登记编码
n1085p0,C1010520006672,登记编码
n1086p0,C1010520006671,登记编码
n1087p0,C1010520006670,登记编码
n1088p0,C1010520006668,登记编码
n1089p0,C1010520006667,登记编码
n1090p0,C1010520006662,登记编码
n1091p0,C1091320000100,登记编码
n1092p0,C1010520006644,登记编码
n1093p0,C1010520006642,登记编码
n1094p0,C1010520006638,登记编码
n1095p0,C1145620000067,登记编码
n1096p0,C1088320000099,登记编码
n1097p0,C1124620000070,登记编码
n1097p5,浙江德清农村商业银行股份有限公司,发行机构
n1097p6,C11246,发行机构代码
n1098p0,C1304120000075,登记编码
n1099p0,C1194620000344,登记编码
n1100p0,C1194620000339,登记编码
n1101p0,C1194620000337,登记编码
n1102p0,C1092920000070,登记编码
n1102p5,浙江泰隆商业银行股份有限公司,发行机构
n1102p6,C10929,发行机构代码
n1102p20,"上海,江苏,浙江",产品销售区域
n1103p0,C1088020000082,登记编码
n1103p5,石嘴山银行股份有限公司,发行机构
n1103p6,C10880,发行机构代码
n1104p0,C1088020000079,登记编码
n1105p0,C1083820000212,登记编码
n1105p16,2021/03/03,产品终止日期
n1105p18,243,实际天数（天）
n1106p0,C1083820000210,登记编码
n1107p0,C1126720000128,登记编码
n1108p0,C1093120000223,登记编码
n1109p0,C1093120000222,登记编码
n1110p0,C1093120000220,登记编码
n1111p0,C1186120000021,登记编码
n1111p5,安徽歙县农村商业银行股份有限公司,发行机构
n1111p6,C11861,发行机构代码
n1112p0,C1040320000344,登记编码
n1113p0,C1040320000342,登记编码
n1114p0,C1152220000151,登记编码
n1115p0,C1152220000148,登记编码
n1116p0,C1152220000146,登记编码
n1116p18,34,实际天数（天）
n1117p0,C1345320000019,登记编码
n1118p0,C1123120000024,登记编码
n1119p0,C3212520000120,登记编码
n1120p0,C1089720000246,登记编码
n1121p0,C1089720000245,登记编码
n1122p0,C1128720000061,登记编码
n1123p0,C1236220000068,登记编码
n1123p5,新疆天山农村商业银行股份有限公司,发行机构
n1123p6,C12362,发行机构代码
n1123p18,197,实际天数（天）
n1124p0,C1131220000623,登记编码
n1125p0,C1293320000033,登记编码
n1125p5,山西临猗农村商业银行股份有限公司,发行机构
n1125p6,C12933,发行机构代码
n1126p0,C1131220000618,登记编码
n1127p0,C1226920000143,登记编码
n1128p0,C1226920000137,登记编码
n1129p0,C1092020000681,登记编码
n1130p0,C1010520006557,登记编码
n1131p0,C1010220001056,登记编码
n1132p0,C1137620000015,登记编码
n1133p0,Z7001020000175,登记编码
n1134p0,C1010520006458,登记编码
n1134p18,223,实际天数（天）
n1135p0,C1010520006456,登记编码
n1136p0,C1010520006455,登记编码
n1137p0,C1010520006451,登记编码
n1138p0,C1092620000121,登记编码
n1139p0,C1030120001076,登记编码
n1140p0,C1030120001061,登记编码
n1141p0,C1030120000974,登记编码
n1142p0,C1170920000354,登记编码
n1142p16,2040/12/31,产品终止日期
n1142p18,7488,实际天数（天）
n1143p0,C1010520006386,登记编码
n1144p0,C1152520000101,登记编码
n1145p0,C3209220000039,登记编码
n1145p5,浙江泰顺农村商业银行股份有限公司,发行机构
n1145p6,C32092,发行机构代码
n1146p0,C1123520000195,登记编码
n1147p0,C1030420002749,登记编码
n1147p18,357754,实际天数（天）
n1148p0,C1123020000122,登记编码
n1149p0,C1010220000982,登记编码
n1150p0,C1078120000060,登记编码
n1151p0,C1194020000109,登记编码
n1152p0,C1089620000189,登记编码
n1153p0,C1131220000598,登记编码
n1154p0,C1131220000595,登记编码
n1155p0,C1217920000069,登记编码
n1156p0,C1115720000051,登记编码
n1157p0,C3099520000108,登记编码
n1158p0,C1086920000010,登记编码
n1158p5,南京银行股份有限公司,发行机构
n1158p6,C10869,发行机构代码
n1158p16,2022/09/15,产品终止日期
n1158p18,805,实际天数（天）
n1159p0,C1115820000014,登记编码
n1159p20,"江苏,湖北,安徽",产品销售区域
n1160p0,C1091720000121,登记编码
n1161p0,C1154620000018,登记编码
n1161p5,江苏建湖农村商业银行股份有限公司,发行机构
n1161p6,C11546,发行机构代码
n1162p0,C1083020000179,登记编码
n1163p0,C1079020000052,登记编码
n1163p5,攀枝花市商业银行股份有限公司,发行机构
n1163p6,C10790,发行机构代码
n1164p0,C1080320001034,登记编码
n1165p0,C1080320001076,登记编码
n1165p18,114,实际天数（天）
n1166p0,C1010520006214,登记编码
n1167p0,C1088020000073,登记编码
n1168p0,C1030120000942,登记编码
n1169p0,C1133820000037,登记编码
n1169p5,江苏江都农村商业银行股份有限公司,发行机构
n1169p6,C11338,发行机构代码
n1170p0,C1015320000214,登记编码
n1171p0,C1015320000213,登记编码
n1172p0,C1083520000257,登记编码
n1173p0,C1083520000258,登记编码
n1174p0,C1083520000260,登记编码
n1175p0,C1083520000288,登记编码
n1176p0,C1010520006188,登记编码
n1177p0,C1078920000070,登记编码
n1177p5,自贡银行股份有限公司,发行机构
n1177p6,C10789,发行机构代码
n1178p0,C1078920000069,登记编码
n1179p0,C1309220000054,登记编码
n1180p0,C1238120000080,登记编码
n1180p5,阜阳颍淮农村商业银行股份有限公司,发行机构
n1180p6,C12381,发行机构代码
n1181p0,C3147520000103,登记编码
n1182p0,Z7000920000272,登记编码
n1183p0,C1131220000580,登记编码
n1184p0,C1131220000573,登记编码
n1185p0,C1131220000572,登记编码
n1186p0,C1131220000567,登记编码
n1187p0,C1086720000121,登记编码
n1188p0,C1092120000371,登记编码
n1189p0,C1030520000752,登记编码
n1190p0,C1030520000747,登记编码
n1191p0,C1030520000740,登记编码
n1192p0,C1123720000105,登记编码
n1193p0,C1089920000101,登记编码
n1194p0,C1085420000040,登记编码
n1195p0,C1209620000140,登记编码
n1196p0,C1030420002686,登记编码
n1196p16,2021/03/10,产品终止日期
n1196p18,253,实际天数（天）
n1197p0,C1030420002542,登记编码
n1198p0,C1081020000349,登记编码
n1199p0,C1081020000348,登记编码
n1200p0,C1030420002491,登记编码
n1200p16,2021/03/11,产品终止日期
n1201p0,C1030420002490,登记编码
n1202p0,C1010520006043,登记编码
n1203p0,C1080920000678,登记编码
n1204p0,C1125620000123,登记编码
n1205p0,C1125620000131,登记编码
n1206p0,C1010520005999,登记编码
n1207p0,C1010520005998,登记编码
n1208p0,C1093220000169,登记编码
n1209p0,C1093220000168,登记编码
n1210p0,C1088220000857,登记编码
n1211p0,C1088220000855,登记编码
n1212p0,C1088220000853,登记编码
n1213p0,C1088220000810,登记编码
n1214p0,C1088220000806,登记编码
n1215p0,C1083320000101,登记编码
n1216p0,C1010520005955,登记编码
n1217p0,C1010520005954,登记编码
n1217p18,143,实际天数（天）
n1218p0,C1122120000589,登记编码
n1218p16,2023/09/01,产品终止日期
n1218p18,1156,实际天数（天）
n1219p0,C1122120000588,登记编码
n1219p16,2023/02/16,产品终止日期
n1219p18,959,实际天数（天）
n1220p0,C1030120000888,登记编码
n1221p0,C1030120000858,登记编码
n1222p0,C1030120000812,登记编码
n1223p0,C1030120000802,登记编码
n1224p0,C1030120000797,登记编码
n1225p0,C1079520000079,登记编码
n1226p0,C1140420000119,登记编码
n1227p0,C1140220000217,登记编码
n1228p0,C1140220000216,登记编码
n1229p0,C3135420000086,登记编码
n1230p0,C1010320000791,登记编码
n1230p16,2021/02/09,产品终止日期
n1230p18,222,实际天数（天）
n1231p0,C1010320000790,登记编码
n1232p0,C1010320000789,登记编码
n1232p16,2021/03/26,产品终止日期
n1233p0,C1010320000788,登记编码
n1234p0,C1010320000787,登记编码
n1235p0,C1010320000786,登记编码
n1235p16,2021/01/15,产品终止日期
n1236p0,C1010320000784,登记编码
n1237p0,C2708220000161,登记编码
n1238p0,C1010320000782,登记编码
n1238p18,270,实际天数（天）
n1239p0,C2708220000153,登记编码
n1240p0,C3126620000139,登记编码
n1241p0,C3126620000129,登记编码
n1242p0,C3126620000127,登记编码
n1243p0,C1115320000081,登记编码
n1244p0,C1092120000310,登记编码
n1244p18,540,实际天数（天）
n1245p0,C1083220000407,登记编码
n1246p0,C1083220000320,登记编码
n1247p0,Z7001120000050,登记编码
n1247p16,2029/07/03,产品终止日期
n1247p18,3287,实际天数（天）
n1248p0,C1091220000440,登记编码
n1249p0,C1010220000848,登记编码
n1250p0,C1081520000130,登记编码
n1251p0,C1081520000116,登记编码
n1252p0,C1081520000115,登记编码
n1253p0,C1092220000239,登记编码
n1253p16,2032/07/01,产品终止日期
n1253p18,4383,实际天数（天）
n1254p0,C1010520005466,登记编码
n1255p0,C1104420000133,登记编码
n1256p0,C1104420000132,登记编码
n1257p0,C1083020000103,登记编码
n1258p0,C1010520005325,登记编码
n1259p0,C1010520005324,登记编码
n1260p0,C1030420002151,登记编码
n1261p0,C1030420002148,登记编码
n1262p0,C1117720000073,登记编码
n1263p0,Z7000720000223,登记编码
n1263p16,2025/07/03,产品终止日期
n1263p18,1827,实际天数（天）
n1264p0,Z7000720000202,登记编码
n1264p16,2023/07/04,产品终止日期
n1264p18,1097,实际天数（天）
n1265p0,C1030220000168,登记编码
n1266p0,C3132720000102,登记编码
n1267p0,C1030420001824,登记编码
n1268p0,C1010220000642,登记编码
n1269p0,C1088920000107,登记编码
n1270p0,C1088920000106,登记编码
n1271p0,C1088920000086,登记编码
n1272p0,C1178820000227,登记编码
n1273p0,C1182920000007,登记编码
n1274p0,C1031020000065,登记编码
n1274p18,29034,实际天数（天）
n1275p0,C1010520004232,登记编码
n1276p0,C1104420000054,登记编码
n1277p0,C1128720000011,登记编码
n1278p0,C1030920000337,登记编码
n1279p0,C1092220000233,登记编码
n1280p0,C1030920000027,登记编码
n1281p0,C1030920000026,登记编码
n1282p0,C1030419A002282,登记编码
n1282p16,2021/02/02,产品终止日期
n1282p18,217,实际天数（天）
n1283p0,C1082919001065,登记编码
n1283p16,2022/06/08,产品终止日期
n1283p18,708,实际天数（天）
n1284p0,C1082919001020,登记编码
n1284p20,2.6,预期最高收益率(%)
n1285p0,C1082919001019,登记编码
n1285p20,2.4,预期最高收益率(%)
n1286p0,C1082919000740,登记编码
n1286p20,3.9,预期最高收益率(%)
n1287p0,C1082919000739,登记编码
n1288p0,C1010520A000550,登记编码
n1288p16,2020/10/07,产品终止日期
n1289p0,C1040320A000018,登记编码
n1289p22,4000000.0,认购价格
n1290p0,C1040320A000017,登记编码
n1291p0,C1040320A000016,登记编码
n1291p22,5000000.0,认购价格
n1292p0,C1122720A000031,登记编码
n1293p0,C1092020A000100,登记编码
n1294p0,C1309220A000007,登记编码
n1295p0,C1092120A000378,登记编码
n1296p0,C1053120000026,登记编码
n1296p5,花旗银行（中国）有限公司,发行机构
n1296p6,C10531,发行机构代码
n1296p18,1109,实际天数（天）
n1296p20,"北京,天津,上海,江苏,浙江,广东,重庆,四川,贵州,大连,深圳,湖南",产品销售区域
n1297p0,C1010520006612,登记编码
n1298p0,C1092520000285,登记编码
n1299p0,C1092520000283,登记编码
n1299p16,2021/04/14,产品终止日期
n1299p18,287,实际天数（天）
n1300p0,C1092520000281,登记编码
n1301p0,C1092520000279,登记编码
n1302p0,C1092520000276,登记编码
n1303p0,C1248820000022,登记编码
n1303p5,巴彦淖尔河套农村商业银行股份有限公司,发行机构
n1303p6,C12488,发行机构代码
n1303p18,47,实际天数（天）
n1304p0,C1081320000081,登记编码
n1305p0,C1081320000079,登记编码
n1306p0,C1081320000078,登记编码
n1307p0,C1126720000131,登记编码
n1308p0,C1143220000068,登记编码
n1309p0,C1122320000046,登记编码
n1310p0,C1122320000045,登记编码
n1311p0,C1122320000044,登记编码
n1312p0,C1315820000048,登记编码
n1312p18,3653,实际天数（天）
n1313p0,C1124320000043,登记编码
n1313p16,2021/03/23,产品终止日期
n1314p0,C1124320000041,登记编码
n1315p0,C1194620000340,登记编码
n1316p0,C1124020000068,登记编码
n1317p0,C1083820000206,登记编码
n1318p0,C1083820000205,登记编码
n1319p0,C1030820000612,登记编码
n1319p16,2030/06/30,产品终止日期
n1320p0,C3210820000047,登记编码
n1321p0,C1085620000063,登记编码
n1322p0,C1123320000072,登记编码
n1323p0,C2708220000206,登记编码
n1324p0,C1105420000060,登记编码
n1325p0,C1114120000181,登记编码
n1326p0,C1114120000180,登记编码
n1327p0,C1114120000179,登记编码
n1328p0,C1114120000178,登记编码
n1329p0,C1114120000177,登记编码
n1329p18,286,实际天数（天）
n1330p0,C1114120000176,登记编码
n1331p0,C3207820000017,登记编码
n1332p0,C1131220000622,登记编码
n1333p0,C1092020000672,登记编码
n1334p0,C1092020000671,登记编码
n1335p0,C1092020000670,登记编码
n1336p0,C1090920000034,登记编码
n1337p0,C1091120000139,登记编码
n1337p5,西安银行股份有限公司,发行机构
n1337p6,C10911,发行机构代码
n1338p0,C1077220000132,登记编码
n1339p0,C1131220000615,登记编码
n1340p0,C1082120000047,登记编码
n1341p0,Z7001020000172,登记编码
n1341p16,2022/02/10,产品终止日期
n1341p18,588,实际天数（天）
n1342p0,C1031620000004,登记编码
n1342p5,浙商银行股份有限公司,发行机构
n1342p6,C10316,发行机构代码
n1342p18,248,实际天数（天）
n1343p0,C1085520000207,登记编码
n1343p16,2021/12/02,产品终止日期
n1343p18,519,实际天数（天）
n1344p0,C1085520000203,登记编码
n1345p0,C1085520000202,登记编码
n1346p0,C1030620000341,登记编码
n1347p0,C1031520000192,登记编码
n1348p0,C1031520000191,登记编码
n1349p0,C1119420000230,登记编码
n1350p0,C1119420000229,登记编码
n1351p0,C1119420000228,登记编码
n1352p0,C1211220000539,登记编码
n1353p0,C1010520006318,登记编码
n1354p0,C1010520006317,登记编码
n1355p0,C3208420000081,登记编码
n1355p5,宁波镇海农村商业银行股份有限公司,发行机构
n1355p6,C32084,发行机构代码
n1356p0,C3208420000080,登记编码
n1357p0,C1088220000920,登记编码
n1358p0,C1088220000919,登记编码
n1359p0,C3249820000062,登记编码
n1360p0,C1091920000121,登记编码
n1361p0,Z7001620000006,登记编码
n1362p0,C1085520000187,登记编码
n1363p0,C1085520000186,登记编码
n1364p0,C1080520000061,登记编码
n1364p5,贵阳银行股份有限公司,发行机构
n1364p6,C10805,发行机构代码
n1364p18,749,实际天数（天）
n1364p20,"贵州,四川",产品销售区域
n1365p0,C1030620000317,登记编码
n1366p0,C1301820000068,登记编码
n1367p0,C1091720000109,登记编码
n1368p0,C3209020000020,登记编码
n1368p5,浙江平阳农村商业银行股份有限公司,发行机构
n1368p6,C32090,发行机构代码
n1369p0,C1080320001030,登记编码
n1370p0,C1080320001028,登记编码
n1371p0,C1080320001127,登记编码
n1371p16,2021/07/14,产品终止日期
n1371p18,380,实际天数（天）
n1372p0,C1080320001126,登记编码
n1372p16,2023/02/08,产品终止日期
n1372p18,954,实际天数（天）
n1373p0,C1126420000027,登记编码
n1374p0,C1090820000046,登记编码
n1374p5,长治银行股份有限公司,发行机构
n1374p6,C10908,发行机构代码
n1375p0,C1139320000154,登记编码
n1376p0,C1031020000112,登记编码
n1377p0,C1278820000049,登记编码
n1378p0,C1081620000160,登记编码
n1379p0,C1081620000161,登记编码
n1380p0,C1010520006191,登记编码
n1381p0,C1030220000289,登记编码
n1382p0,C1238120000079,登记编码
n1383p0,C1090320000156,登记编码
n1384p0,C1123220000054,登记编码
n1385p0,C1131220000587,登记编码
n1386p0,C1131220000585,登记编码
n1387p0,C1087320000137,登记编码
n1388p0,C1087320000133,登记编码
n1388p18,62,实际天数（天）
n1389p0,C1122820000292,登记编码
n1390p0,C1089920000102,登记编码
n1391p0,C1089920000100,登记编码
n1392p0,Z7000720000450,登记编码
n1392p18,377,实际天数（天）
n1393p0,C1010520006083,登记编码
n1394p0,C1081020000346,登记编码
n1395p0,C1081020000345,登记编码
n1396p0,C1081020000344,登记编码
n1397p0,C1211220A000469,登记编码
n1398p0,C1211220A000449,登记编码
n1399p0,C1211220A000447,登记编码
n1399p18,236,实际天数（天）
n1400p0,C1211220A000446,登记编码
n1401p0,C1211220A000445,登记编码
n1402p0,C1211220000520,登记编码
n1403p0,C1211220000519,登记编码
n1404p0,C1211220000517,登记编码
n1405p0,C1211220000470,登记编码
n1406p0,C1211220000468,登记编码
n1407p0,C1090020000117,登记编码
n1407p16,2023/04/11,产品终止日期
n1407p18,1014,实际天数（天）
n1408p0,C1082720000162,登记编码
n1409p0,C1211220000434,登记编码
n1410p0,C1080920000662,登记编码
n1411p0,C1080920000609,登记编码
n1412p0,C1080920000575,登记编码
n1413p0,C1010520006019,登记编码
n1414p0,C1010520006016,登记编码
n1415p0,C1010520006015,登记编码
n1416p0,C1081920000042,登记编码
n1416p5,铁岭银行股份有限公司,发行机构
n1416p6,C10819,发行机构代码
n1417p0,C1308920000063,登记编码
n1418p0,C1092120000365,登记编码
n1419p0,C1030220A000644,登记编码
